,input_text,label,label_idx
0,-DOCSTART- QUỐC HỘI CỘNG HÒA XÃ HỘI CHỦ NGHĨA VIỆT NAM,O B-DEP I-DEP B-LOC I-LOC I-LOC I-LOC I-LOC I-LOC I-LOC I-LOC,"[16, 2, 10, 4, 12, 12, 12, 12, 12, 12, 12]"
1,Độc lập - Tự do - Hạnh phúc,O O O O O O O O,"[16, 16, 16, 16, 16, 16, 16, 16]"
2,"Luật số : 59/2020/QH14 Hà Nội , ngày 17 tháng 6 năm 2020",O O O B-DOCID B-LOC I-LOC O B-DAT I-DAT I-DAT I-DAT I-DAT I-DAT,"[16, 16, 16, 3, 4, 12, 16, 1, 9, 9, 9, 9, 9]"
3,LUẬT DOANH NGHIỆP,B-TIT B-TIT I-TIT,"[6, 6, 14]"
4,Căn cứ Hiến pháp nước Cộng hòa xã hội chủ nghĩa Việt Nam,O O B-TIT I-TIT I-TIT I-TIT I-TIT I-TIT I-TIT I-TIT I-TIT I-TIT I-TIT,"[16, 16, 6, 14, 14, 14, 14, 14, 14, 14, 14, 14, 14]"
5,Quốc hội ban hành Luật Doanh nghiệp,B-DEP I-DEP O O B-TIT I-TIT I-TIT,"[2, 10, 16, 16, 6, 14, 14]"
6,QUỐC HỘI CỘNG HÒA XÃ HỘI CHỦ NGHĨA VIỆT NAM,B-DEP I-DEP B-LOC I-LOC I-LOC I-LOC I-LOC I-LOC I-LOC I-LOC,"[2, 10, 4, 12, 12, 12, 12, 12, 12, 12]"
7,Độc lập - Tự do - Hạnh phúc,O O O O O O O O,"[16, 16, 16, 16, 16, 16, 16, 16]"
8,"Luật số : 76/2025/QH15 Hà Nội , ngày 17 tháng 6 năm 2025",O O O B-DOCID B-LOC I-LOC O B-DAT I-DAT I-DAT I-DAT I-DAT I-DAT,"[16, 16, 16, 3, 4, 12, 16, 1, 9, 9, 9, 9, 9]"
9,"LUẬT SỬA ĐỔI , BỔ SUNG MỘT SỐ ĐIỀU CỦA LUẬT DOANH NGHIỆP",B-TYP O O O O O O O O O B-TIT I-TIT I-TIT,"[7, 16, 16, 16, 16, 16, 16, 16, 16, 16, 6, 14, 14]"
10,"Căn cứ Hiến pháp nước Cộng hòa xã hội chủ nghĩa Việt Nam đã được sửa đổi , bổ sung một số điều theo Nghị quyết số 203/2025/QH15",O O B-TIT I-TIT I-TIT I-TIT I-TIT I-TIT I-TIT I-TIT I-TIT I-TIT I-TIT O O O O O O O O O O O B-TYP I-TYP B-DOCID I-DOCID,"[16, 16, 6, 14, 14, 14, 14, 14, 14, 14, 14, 14, 14, 16, 16, 16, 16, 16, 16, 16, 16, 16, 16, 16, 7, 15, 3, 11]"
11,"Quốc hội ban hành Luật sửa đổi , bổ sung một số điều của Luật Doanh nghiệp số 59/2020/QH14 đã được sửa đổi , bổ sung một số điều theo Luật số 03/2022/QH15",B-DEP I-DEP O O B-TIT I-TIT I-TIT I-TIT I-TIT I-TIT I-TIT I-TIT I-TIT O B-TIT I-TIT I-TIT O B-DOCID O O O O O O O O O O O O O B-DOCID,"[2, 10, 16, 16, 6, 14, 14, 14, 14, 14, 14, 14, 14, 16, 6, 14, 14, 16, 3, 16, 16, 16, 16, 16, 16, 16, 16, 16, 16, 16, 16, 16, 3]"
12,QUỐC HỘI CỘNG HÒA XÃ HỘI CHỦ NGHĨA VIỆT NAM,B-DEP I-DEP B-LOC I-LOC I-LOC I-LOC I-LOC I-LOC I-LOC I-LOC,"[2, 10, 4, 12, 12, 12, 12, 12, 12, 12]"
13,"Luật số : 48/2024/QH15 Hà Nội , ngày 26 tháng 11 năm 2024",O O O B-DOCID B-LOC I-LOC O B-DAT I-DAT I-DAT I-DAT I-DAT I-DAT,"[16, 16, 16, 3, 4, 12, 16, 1, 9, 9, 9, 9, 9]"
14,LUẬT THUẾ GIÁ TRỊ GIA TĂNG,B-TIT B-TIT I-TIT I-TIT I-TIT I-TIT,"[6, 6, 14, 14, 14, 14]"
15,Căn cứ Hiến pháp nước Cộng hòa xã hội chủ nghĩa Việt Nam,O O B-TIT I-TIT I-TIT I-TIT I-TIT I-TIT I-TIT I-TIT I-TIT I-TIT I-TIT,"[16, 16, 6, 14, 14, 14, 14, 14, 14, 14, 14, 14, 14]"
16,Quốc hội ban hành Luật Thuế giá trị gia tăng,B-DEP I-DEP O O B-TIT I-TIT I-TIT I-TIT I-TIT I-TIT,"[2, 10, 16, 16, 6, 14, 14, 14, 14, 14]"
17,"Luật số : 106/2016/QH13 Hà Nội , ngày 06 tháng 4 năm 2016",O O O B-DOCID B-LOC I-LOC O B-DAT I-DAT I-DAT I-DAT I-DAT I-DAT,"[16, 16, 16, 3, 4, 12, 16, 1, 9, 9, 9, 9, 9]"
18,"LUẬT SỬA ĐỔI , BỔ SUNG MỘT SỐ ĐIỀU CỦA LUẬT THUẾ GIÁ TRỊ GIA TĂNG , LUẬT THUẾ TIÊU",B-TIT B-TIT I-TIT I-TIT I-TIT I-TIT I-TIT I-TIT I-TIT O B-TIT I-TIT I-TIT I-TIT I-TIT I-TIT I-TIT I-TIT I-TIT I-TIT,"[6, 6, 14, 14, 14, 14, 14, 14, 14, 16, 6, 14, 14, 14, 14, 14, 14, 14, 14, 14]"
19,THỤ ĐẶC BIỆT VÀ LUẬT QUẢN LÝ THUẾ,B-TIT I-TIT I-TIT O B-TIT I-TIT I-TIT I-TIT,"[6, 14, 14, 16, 6, 14, 14, 14]"
20,Căn cứ Hiến pháp nước Cộng hòa xã hội chủ nghĩa Việt Nam,O O B-TIT I-TIT I-TIT I-TIT I-TIT I-TIT I-TIT I-TIT I-TIT I-TIT I-TIT,"[16, 16, 6, 14, 14, 14, 14, 14, 14, 14, 14, 14, 14]"
21,"Quốc hội ban hành Luật sửa đổi , bổ sung một số điều của Luật thuế giá trị gia tăng số 13/2008/QH12 đã được sửa đổi , bổ sung một số Điều theo Luật số 31/2013/QH13 , Luật thuế tiêu thụ đặc biệt số",B-DEP I-DEP O O B-TIT I-TIT I-TIT I-TIT I-TIT I-TIT I-TIT I-TIT I-TIT O B-TIT I-TIT I-TIT I-TIT I-TIT I-TIT O B-DOCID O O O O O O O O O O O O O B-DOCID O B-TIT I-TIT I-TIT I-TIT I-TIT I-TIT O,"[2, 10, 16, 16, 6, 14, 14, 14, 14, 14, 14, 14, 14, 16, 6, 14, 14, 14, 14, 14, 16, 3, 16, 16, 16, 16, 16, 16, 16, 16, 16, 16, 16, 16, 16, 3, 16, 6, 14, 14, 14, 14, 14, 16]"
22,"27/2008/QH12 đã được sửa đổi , bổ sung một số Điều theo Luật số 70/2014/QH13 , Luật quản lý thuế số 78/2006/QH11 đã được sửa đổi , bổ sung một số Điều theo Luật số 21/2012/QH13 và Luật số",B-DOCID O O O O O O O O O O O O O B-DOCID O O O O O O B-DOCID O O O O O O O O O O O O O B-DOCID O O O,"[3, 16, 16, 16, 16, 16, 16, 16, 16, 16, 16, 16, 16, 16, 3, 16, 16, 16, 16, 16, 16, 3, 16, 16, 16, 16, 16, 16, 16, 16, 16, 16, 16, 16, 16, 3, 16, 16, 16]"
23,71/2014/QH13 QUỐC HỘI,B-DOCID B-DEP I-DEP,"[3, 2, 10]"
24,CỘNG HÒA XÃ HỘI CHỦ NGHĨA VIỆT NAM,B-LOC I-LOC I-LOC I-LOC I-LOC I-LOC I-LOC I-LOC,"[4, 12, 12, 12, 12, 12, 12, 12]"
25,"Luật số : 67/2025/QH15 Hà Nội , ngày 14 tháng 6 năm 2025",O O O B-DOCID B-LOC I-LOC O B-DAT I-DAT I-DAT I-DAT I-DAT I-DAT,"[16, 16, 16, 3, 4, 12, 16, 1, 9, 9, 9, 9, 9]"
26,LUẬT THUẾ THU NHẬP DOANH NGHIỆP,B-TIT B-TIT I-TIT I-TIT I-TIT I-TIT,"[6, 6, 14, 14, 14, 14]"
27,Căn cứ Hiến pháp nước Cộng hòa xã hội chủ nghĩa Việt Nam,O O B-TIT I-TIT O B-LOC I-LOC I-LOC I-LOC I-LOC I-LOC I-LOC I-LOC,"[16, 16, 6, 14, 16, 4, 12, 12, 12, 12, 12, 12, 12]"
28,Quốc hội ban hành Luật Thuế thu nhập doanh nghiệp,B-DEP I-DEP O O B-TIT I-TIT I-TIT I-TIT I-TIT I-TIT,"[2, 10, 16, 16, 6, 14, 14, 14, 14, 14]"
29,"QUỐC HỘI Luật số : 66/2025/QH15 Hà Nội , ngày 14 tháng 6 năm 2025",B-DEP I-DEP O O O B-DOCID B-LOC I-LOC O B-DAT I-DAT I-DAT I-DAT I-DAT I-DAT,"[2, 10, 16, 16, 16, 3, 4, 12, 16, 1, 9, 9, 9, 9, 9]"
30,LUẬT THUẾ TIÊU THỤ ĐẶC BIỆT,B-TIT B-TIT I-TIT I-TIT I-TIT I-TIT,"[6, 6, 14, 14, 14, 14]"
31,"Luật số : 107/2016/QH13 Hà Nội , ngày 06 tháng 4 năm 2016",O O O B-DOCID B-LOC I-LOC O B-DAT I-DAT I-DAT I-DAT I-DAT I-DAT,"[16, 16, 16, 3, 4, 12, 16, 1, 9, 9, 9, 9, 9]"
32,"LUẬT THUẾ XUẤT KHẨU , THUẾ NHẬP KHẨU",O B-TIT I-TIT I-TIT I-TIT I-TIT I-TIT I-TIT,"[16, 6, 14, 14, 14, 14, 14, 14]"
33,"Quốc hội ban hành Luật thuế xuất khẩu , thuế nhập khẩu",B-DEP I-DEP O O B-TIT I-TIT I-TIT I-TIT I-TIT I-TIT I-TIT I-TIT,"[2, 10, 16, 16, 6, 14, 14, 14, 14, 14, 14, 14]"
34,"CHÍNH PHỦ Số : 82/2025/NĐ-CP Hà Nội , ngày 02 tháng 4 năm 2025",B-DEP I-DEP O O B-DOCID B-LOC I-LOC O B-DAT I-DAT I-DAT I-DAT I-DAT I-DAT,"[2, 10, 16, 16, 3, 4, 12, 16, 1, 9, 9, 9, 9, 9]"
35,"NGHỊ ĐỊNH GIA HẠN THỜI HẠN NỘP THUẾ GIÁ TRỊ GIA TĂNG , THUẾ THU NHẬP DOANH NGHIỆP",B-TIT I-TIT B-TIT I-TIT I-TIT I-TIT I-TIT I-TIT I-TIT I-TIT I-TIT I-TIT I-TIT I-TIT I-TIT I-TIT I-TIT I-TIT,"[6, 14, 6, 14, 14, 14, 14, 14, 14, 14, 14, 14, 14, 14, 14, 14, 14, 14]"
36,THUẾ THU NHẬP CÁ NHÂN VÀ TIỀN THUÊ ĐẤT TRONG NĂM 2025,B-TIT I-TIT I-TIT I-TIT I-TIT I-TIT I-TIT I-TIT I-TIT I-TIT I-TIT I-TIT,"[6, 14, 14, 14, 14, 14, 14, 14, 14, 14, 14, 14]"
37,Căn cứ Luật Tổ chức Chính phủ ngày 18 tháng 02 năm 2025,O O B-TIT I-TIT I-TIT I-TIT I-TIT B-DAT I-DAT I-DAT I-DAT I-DAT I-DAT,"[16, 16, 6, 14, 14, 14, 14, 1, 9, 9, 9, 9, 9]"
38,"Căn cứ Luật Quản lý thuế ngày 13 tháng 6 năm 2019 ; Luật sửa đổi , bổ sung một số điều của Luật",O O B-TIT I-TIT I-TIT I-TIT B-DAT I-DAT I-DAT I-DAT I-DAT I-DAT O B-TIT I-TIT I-TIT I-TIT I-TIT I-TIT I-TIT I-TIT I-TIT O B-TIT,"[16, 16, 6, 14, 14, 14, 1, 9, 9, 9, 9, 9, 16, 6, 14, 14, 14, 14, 14, 14, 14, 14, 16, 6]"
39,"Chứng khoán , Luật Kế toán , Luật Kiểm toán độc lập , Luật Ngân sách nhà nước , Luật Quản lý , sử dụng tài sản công , Luật Quản lý thuế , Luật Thuế thu nhập cá nhân , Luật Dự trữ quốc gia , Luật Xử lý vi phạm hành chính ngày 29 tháng 11 năm 2024",B-TIT I-TIT I-TIT I-TIT I-TIT I-TIT I-TIT I-TIT I-TIT I-TIT I-TIT I-TIT I-TIT I-TIT I-TIT I-TIT I-TIT I-TIT I-TIT I-TIT I-TIT I-TIT I-TIT I-TIT I-TIT B-TIT I-TIT I-TIT I-TIT I-TIT I-TIT I-TIT I-TIT I-TIT I-TIT I-TIT I-TIT I-TIT I-TIT I-TIT I-TIT I-TIT I-TIT I-TIT I-TIT I-TIT I-TIT I-TIT I-TIT I-TIT I-TIT B-TIT I-TIT I-TIT B-DAT I-DAT I-DAT I-DAT I-DAT I-DAT,"[6, 14, 14, 14, 14, 14, 14, 14, 14, 14, 14, 14, 14, 14, 14, 14, 14, 14, 14, 14, 14, 14, 14, 14, 14, 6, 14, 14, 14, 14, 14, 14, 14, 14, 14, 14, 14, 14, 14, 14, 14, 14, 14, 14, 14, 14, 14, 14, 14, 14, 14, 6, 14, 14, 1, 9, 9, 9, 9, 9]"
40,Theo đề nghị của Bộ trưởng Bộ Tài chính,O O O O B-PER I-PER B-DEP I-DEP I-DEP,"[16, 16, 16, 16, 5, 13, 2, 10, 10]"
41,"Chính phủ ban hành Nghị định gia hạn thời hạn nộp thuế giá trị gia tăng , thuế thu nhập doanh nghiệp thuế thu nhập cá nhân và tiền thuê đất trong năm 2025",B-TIT I-TIT O O B-TIT I-TIT I-TIT I-TIT I-TIT I-TIT I-TIT I-TIT I-TIT I-TIT I-TIT I-TIT O B-TIT I-TIT I-TIT I-TIT I-TIT B-TIT I-TIT I-TIT I-TIT I-TIT B-TIT I-TIT I-TIT I-TIT O B-DAT I-DAT,"[6, 14, 16, 16, 6, 14, 14, 14, 14, 14, 14, 14, 14, 14, 14, 14, 16, 6, 14, 14, 14, 14, 6, 14, 14, 14, 14, 6, 14, 14, 14, 16, 1, 9]"
42,"CHÍNH PHỦ Số : 181/2025/NĐ -CP Hà Nội , ngày 01 tháng 7 năm 2025",B-DEP I-DEP O O B-DOCID I-DOCID B-DAT I-DAT O B-DAT I-DAT I-DAT I-DAT I-DAT I-DAT,"[2, 10, 16, 16, 3, 11, 1, 9, 16, 1, 9, 9, 9, 9, 9]"
43,NGHỊ ĐỊNH QUY ĐỊNH CHI TIẾT THI HÀNH MỘT SỐ ĐIỀU CỦA LUẬT THUẾ GIÁ TRỊ GIA TĂNG,B-TIT I-TIT B-TIT I-TIT I-TIT I-TIT I-TIT I-TIT I-TIT I-TIT I-TIT O B-TIT I-TIT I-TIT I-TIT I-TIT I-TIT,"[6, 14, 6, 14, 14, 14, 14, 14, 14, 14, 14, 16, 6, 14, 14, 14, 14, 14]"
44,Căn cứ Luật Tổ chức Chính phủ ngày 18 tháng 02 năm 2025,O O B-TIT I-TIT I-TIT I-TIT I-TIT B-DAT I-DAT I-DAT I-DAT I-DAT I-DAT,"[16, 16, 6, 14, 14, 14, 14, 1, 9, 9, 9, 9, 9]"
45,Căn cứ Luật Thuế giá trị gia tăng ngày 26 tháng 11 năm 2024,O O B-TIT I-TIT I-TIT I-TIT I-TIT I-TIT B-DAT I-DAT I-DAT I-DAT I-DAT I-DAT,"[16, 16, 6, 14, 14, 14, 14, 14, 1, 9, 9, 9, 9, 9]"
46,"Căn cứ Luật sửa đổi , bổ sung một số điều của Luật Đấu thầu , Luật Đầu tư theo phương thức đối tác công tư , Luật Hải quan , Luật Thuế giá trị gia tăng , Luật Thuế xuất khẩu , thuế nhập khẩu",O O B-TIT I-TIT I-TIT I-TIT I-TIT I-TIT I-TIT I-TIT I-TIT O B-TIT I-TIT I-TIT O B-TIT I-TIT I-TIT I-TIT I-TIT I-TIT I-TIT B-TIT I-TIT I-TIT O B-TIT I-TIT I-TIT O B-TIT I-TIT I-TIT I-TIT I-TIT I-TIT O B-TIT I-TIT I-TIT I-TIT I-TIT I-TIT I-TIT I-TIT,"[16, 16, 6, 14, 14, 14, 14, 14, 14, 14, 14, 16, 6, 14, 14, 16, 6, 14, 14, 14, 14, 14, 14, 6, 14, 14, 16, 6, 14, 14, 16, 6, 14, 14, 14, 14, 14, 16, 6, 14, 14, 14, 14, 14, 14, 14]"
47,"Luật Đầu tư , Luật Đầu tư công , Luật Quản lý , sử dụng tài sản công ngày 25 tháng 6 năm 2025",B-TIT I-TIT I-TIT O B-TIT I-TIT I-TIT I-TIT O B-TIT I-TIT I-TIT I-TIT I-TIT I-TIT I-TIT I-TIT I-TIT B-DAT I-DAT I-DAT I-DAT I-DAT I-DAT,"[6, 14, 14, 16, 6, 14, 14, 14, 16, 6, 14, 14, 14, 14, 14, 14, 14, 14, 1, 9, 9, 9, 9, 9]"
48,Theo đề nghị của Bộ trưởng Bộ Tài chính,O O O O B-PER I-PER B-DEP I-DEP I-DEP,"[16, 16, 16, 16, 5, 13, 2, 10, 10]"
49,Chính phủ ban hành Nghị định quy định chi tiết thi hành một số điều của Luật Thuế giá trị gia,B-DEP I-DEP O O B-TIT I-TIT I-TIT I-TIT I-TIT I-TIT I-TIT I-TIT I-TIT I-TIT I-TIT O B-TIT I-TIT I-TIT I-TIT I-TIT,"[2, 10, 16, 16, 6, 14, 14, 14, 14, 14, 14, 14, 14, 14, 14, 16, 6, 14, 14, 14, 14]"
50,tăng CHÍNH PHỦ,B-TIT B-DEP I-DEP,"[6, 2, 10]"
51,-CỘNG HÒA XÃ HỘI CHỦ NGHĨA VIỆT NAM,B-LOC I-LOC I-LOC I-LOC I-LOC I-LOC I-LOC I-LOC,"[4, 12, 12, 12, 12, 12, 12, 12]"
52,"Số : 199/2025/NĐ-CP Hà Nội , ngày 08 tháng 7 năm 2025",O O B-DOCID B-LOC I-LOC O B-DAT I-DAT I-DAT I-DAT I-DAT I-DAT,"[16, 16, 3, 4, 12, 16, 1, 9, 9, 9, 9, 9]"
53,"NGHỊ ĐỊNH SỬA ĐỔI , BỔ SUNG NGHỊ ĐỊNH SỐ 26/2023/NĐ-CP NGÀY 31 THÁNG 5 NĂM 2023 CỦA",B-TIT I-TIT B-TIT I-TIT I-TIT I-TIT I-TIT O O O B-DOCID B-DAT I-DAT I-DAT I-DAT I-DAT I-DAT O,"[6, 14, 6, 14, 14, 14, 14, 16, 16, 16, 3, 1, 9, 9, 9, 9, 9, 16]"
54,"CHÍNH PHỦ VỀ BIỂU THUẾ XUẤT KHẨU , BIỂU THUẾ NHẬP KHẨU ƯU ĐÃI , DANH MỤC",B-DEP I-DEP B-TIT I-TIT I-TIT I-TIT I-TIT I-TIT I-TIT I-TIT I-TIT I-TIT I-TIT I-TIT I-TIT I-TIT I-TIT,"[2, 10, 6, 14, 14, 14, 14, 14, 14, 14, 14, 14, 14, 14, 14, 14, 14]"
55,"HÀNG HÓA VÀ MỨC THUẾ TUYỆT ĐỐI , THUẾ HỖN HỢP , THUẾ NHẬP KHẨU NGOÀI HẠN",B-TIT I-TIT I-TIT I-TIT I-TIT I-TIT I-TIT I-TIT I-TIT I-TIT I-TIT O B-TIT I-TIT I-TIT I-TIT I-TIT,"[6, 14, 14, 14, 14, 14, 14, 14, 14, 14, 14, 16, 6, 14, 14, 14, 14]"
56,NGẠCH THUẾ QUAN Căn cứ Luật Tổ chức Chính phủ ngày 18 tháng 02 năm 2025,B-TIT I-TIT I-TIT O O B-TIT I-TIT I-TIT I-TIT I-TIT B-DAT I-DAT I-DAT I-DAT I-DAT I-DAT,"[6, 14, 14, 16, 16, 6, 14, 14, 14, 14, 1, 9, 9, 9, 9, 9]"
57,"Căn cứ Luật Thuế xuất khẩu , thuế nhập khẩu ngày 06 tháng 4 năm 2016",O O B-TIT I-TIT I-TIT I-TIT I-TIT I-TIT I-TIT I-TIT B-DAT I-DAT I-DAT I-DAT I-DAT I-DAT,"[16, 16, 6, 14, 14, 14, 14, 14, 14, 14, 1, 9, 9, 9, 9, 9]"
58,"Căn cứ Luật Quản lý thuế ngày 13 tháng 6 năm 2019 ; Luật sửa đổi , bổ sung một số điều của Luật",O O B-TIT I-TIT I-TIT I-TIT B-DAT I-DAT I-DAT I-DAT I-DAT I-DAT O B-TIT I-TIT I-TIT I-TIT I-TIT I-TIT I-TIT I-TIT I-TIT O B-TIT,"[16, 16, 6, 14, 14, 14, 1, 9, 9, 9, 9, 9, 16, 6, 14, 14, 14, 14, 14, 14, 14, 14, 16, 6]"
59,"Chứng khoán , Luật Kế toán , Luật Kiểm toán độc lập , Luật Ngân sách nhà nước , Luật Quản lý , sử dụng tài sản công , Luật Quản lý thuế , Luật Thuế thu nhập cá nhân , Luật Dự trữ quốc gia , Luật Xử lý vi phạm hành chính ngày 29 tháng 11 năm 2024",B-TIT I-TIT O B-TIT I-TIT I-TIT O B-TIT I-TIT I-TIT I-TIT I-TIT O B-TIT I-TIT I-TIT I-TIT I-TIT O B-TIT I-TIT I-TIT I-TIT I-TIT I-TIT B-TIT I-TIT I-TIT O B-TIT I-TIT I-TIT I-TIT O B-TIT I-TIT I-TIT I-TIT I-TIT I-TIT O B-TIT I-TIT I-TIT I-TIT I-TIT I-TIT B-TIT I-TIT I-TIT I-TIT B-TIT I-TIT I-TIT B-DAT I-DAT I-DAT I-DAT I-DAT I-DAT,"[6, 14, 16, 6, 14, 14, 16, 6, 14, 14, 14, 14, 16, 6, 14, 14, 14, 14, 16, 6, 14, 14, 14, 14, 14, 6, 14, 14, 16, 6, 14, 14, 14, 16, 6, 14, 14, 14, 14, 14, 16, 6, 14, 14, 14, 14, 14, 6, 14, 14, 14, 6, 14, 14, 1, 9, 9, 9, 9, 9]"
60,Căn cứ Luật Hải quan ngày 23 tháng 6 năm 2014,O O B-TIT I-TIT I-TIT B-DAT I-DAT I-DAT I-DAT I-DAT I-DAT,"[16, 16, 6, 14, 14, 1, 9, 9, 9, 9, 9]"
61,Căn cứ Nghị quyết số 71/2006/QH11 ngày 29 tháng 11 năm 2006 của Quốc hội phê chuẩn Nghị định thư gia nhập Hiệp định thành lập Tổ chức thương mại thế giới của nước Cộng hòa xã hội chủ nghĩa,O O B-TIT I-TIT O B-DOCID B-DAT I-DAT I-DAT I-DAT I-DAT I-DAT O B-DEP I-DEP O O B-TIT I-TIT B-TIT I-TIT I-TIT B-TIT I-TIT I-TIT I-TIT B-DEP I-DEP I-DEP I-DEP I-DEP I-DEP O B-LOC I-LOC I-LOC I-LOC I-LOC I-LOC I-LOC,"[16, 16, 6, 14, 16, 3, 1, 9, 9, 9, 9, 9, 16, 2, 10, 16, 16, 6, 14, 6, 14, 14, 6, 14, 14, 14, 2, 10, 10, 10, 10, 10, 16, 4, 12, 12, 12, 12, 12, 12]"
62,Việt Nam Theo đề nghị của Bộ trưởng Bộ Tài chính,B-LOC I-LOC O O O O B-PER I-PER B-DEP I-DEP I-DEP,"[4, 12, 16, 16, 16, 16, 5, 13, 2, 10, 10]"
63,"Chính phủ ban hành Nghị định sửa đổi , bổ sung Nghị định số 26/2023/NĐ-CP ngày 31 tháng 5 năm 2023 của Chính phủ về Biểu thuế xuất khẩu , Biểu thuế nhập khẩuưu đãi , Danh mục hàng hóa và mức thuế tuyệt đối , thuế hỗn hợp , thuế nhập khẩu ngoài hạn ngạch thuế quan ( sau đây gọi là Nghị định số",B-DEP I-DEP O O B-TIT I-TIT I-TIT I-TIT I-TIT I-TIT I-TIT B-TIT I-TIT O B-DOCID B-DAT I-DAT I-DAT I-DAT I-DAT B-DAT O B-DEP I-DEP O B-TIT I-TIT I-TIT I-TIT O B-TIT I-TIT I-TIT I-TIT I-TIT O B-TIT I-TIT I-TIT I-TIT I-TIT I-TIT B-TIT I-TIT I-TIT I-TIT I-TIT I-TIT I-TIT I-TIT I-TIT I-TIT I-TIT I-TIT I-TIT I-TIT I-TIT I-TIT O O O O O B-TIT I-TIT O,"[2, 10, 16, 16, 6, 14, 14, 14, 14, 14, 14, 6, 14, 16, 3, 1, 9, 9, 9, 9, 1, 16, 2, 10, 16, 6, 14, 14, 14, 16, 6, 14, 14, 14, 14, 16, 6, 14, 14, 14, 14, 14, 6, 14, 14, 14, 14, 14, 14, 14, 14, 14, 14, 14, 14, 14, 14, 14, 16, 16, 16, 16, 16, 6, 14, 16]"
64,26/2023/NĐ-CP ) CHÍNH PH Ủ,B-DOCID O B-DEP I-DEP I-DEP,"[3, 16, 2, 10, 10]"
65,CỘNG HÒA XÃ HỘI CHỦ NGHĨA VIỆT NAM,B-LOC I-LOC I-LOC I-LOC I-LOC I-LOC I-LOC I-LOC,"[4, 12, 12, 12, 12, 12, 12, 12]"
66,"Số : 83/NQ -CP Hà Nội , ngày 08 tháng 6 năm 2024",O O B-DOCID I-DOCID B-LOC I-LOC O B-DAT I-DAT I-DAT I-DAT I-DAT I-DAT,"[16, 16, 3, 11, 4, 12, 16, 1, 9, 9, 9, 9, 9]"
67,NGHỊ QUYẾT VỀ DỰ ÁN NGH Ị QUY ẾT CỦA QU ỐC HỘI VỀ GIẢM THU Ế GIÁ TR Ị GIA TĂNG,B-TIT I-TIT B-TIT I-TIT I-TIT I-TIT I-TIT I-TIT I-TIT I-TIT I-TIT I-TIT I-TIT I-TIT I-TIT I-TIT I-TIT I-TIT I-TIT I-TIT I-TIT I-TIT,"[6, 14, 6, 14, 14, 14, 14, 14, 14, 14, 14, 14, 14, 14, 14, 14, 14, 14, 14, 14, 14, 14]"
68,"CHÍNH PH Ủ Căn cứ Luật Tổ chức Chính phủ ngày 19 tháng 6 năm 2015 ; Luật sửa đổi , bổ sung một số điều của Luật Tổ chức Chính phủ và Luật Tổ chức Chính quyền địa phương ngày 22",B-DEP I-DEP I-DEP O O B-TIT I-TIT I-TIT I-TIT I-TIT B-DAT I-DAT I-DAT I-DAT I-DAT I-DAT O B-TIT I-TIT I-TIT I-TIT I-TIT I-TIT I-TIT B-TIT I-TIT O B-TIT I-TIT I-TIT I-TIT I-TIT O B-TIT I-TIT I-TIT I-TIT I-TIT I-TIT I-TIT B-DAT I-DAT,"[2, 10, 10, 16, 16, 6, 14, 14, 14, 14, 1, 9, 9, 9, 9, 9, 16, 6, 14, 14, 14, 14, 14, 14, 6, 14, 16, 6, 14, 14, 14, 14, 16, 6, 14, 14, 14, 14, 14, 14, 1, 9]"
69,"tháng 11 năm 2019 Căn cứ Luật ban hành văn bản quy phạm pháp luật ngày 22 tháng 6 năm 2015 ; Luật sửa đổi , bổ sung một số điều của Luật ban hành văn bản quy phạm pháp luật ngày 18",B-DAT I-DAT I-DAT I-DAT O O B-TIT I-TIT I-TIT I-TIT I-TIT I-TIT I-TIT I-TIT I-TIT B-DAT I-DAT I-DAT I-DAT I-DAT I-DAT O B-TIT B-TIT I-TIT I-TIT I-TIT I-TIT I-TIT I-TIT I-TIT O B-TIT I-TIT I-TIT I-TIT I-TIT I-TIT I-TIT I-TIT I-TIT B-DAT I-DAT,"[1, 9, 9, 9, 16, 16, 6, 14, 14, 14, 14, 14, 14, 14, 14, 1, 9, 9, 9, 9, 9, 16, 6, 6, 14, 14, 14, 14, 14, 14, 14, 16, 6, 14, 14, 14, 14, 14, 14, 14, 14, 1, 9]"
70,tháng 6 năm 2020 Căn cứ Nghị định số 39/2022/NĐ -CP ngày 18 tháng 6 năm 2022 của Chính phủ ban hành Quy chế làm việc của Chính phủ,B-DAT I-DAT I-DAT I-DAT O O B-TIT I-TIT O B-DOCID I-DOCID B-DAT I-DAT I-DAT I-DAT I-DAT I-DAT O B-DEP I-DEP O O B-TIT I-TIT I-TIT I-TIT O B-DEP I-DEP,"[1, 9, 9, 9, 16, 16, 6, 14, 16, 3, 11, 1, 9, 9, 9, 9, 9, 16, 2, 10, 16, 16, 6, 14, 14, 14, 16, 2, 10]"
71,Xét đề nghị của Bộ trưởng Bộ Tài chính tại Tờ trình số 127/TTr -BTC ngày 06 tháng 6,O O O O B-PER I-PER B-DEP I-DEP I-DEP O B-TIT I-TIT O B-DOCID I-DOCID B-DAT I-DAT I-DAT I-DAT,"[16, 16, 16, 16, 5, 13, 2, 10, 10, 16, 6, 14, 16, 3, 11, 1, 9, 9, 9]"
72,năm 2024 Trên cơ sở kết quả biểu quyết của các Thành viên Chính phủ,B-DAT I-DAT O O O O O O O O O B-PER I-PER B-DEP I-DEP,"[1, 9, 16, 16, 16, 16, 16, 16, 16, 16, 16, 5, 13, 2, 10]"
73,Điều 1 BỘ TÀI CHÍNH,B-CLA I-CLA B-DEP I-DEP I-DEP,"[0, 8, 2, 10, 10]"
74,CỘNG HÒA XÃ HỘI CHỦ NGHĨA VIỆT NAM,B-LOC I-LOC I-LOC I-LOC I-LOC I-LOC I-LOC I-LOC,"[4, 12, 12, 12, 12, 12, 12, 12]"
75,"Số : 52/2024/TT -BTC Hà Nội , ngày 23 tháng 7 năm 2024",O O B-DOCID I-DOCID B-LOC I-LOC O B-DAT I-DAT I-DAT I-DAT I-DAT I-DAT,"[16, 16, 3, 11, 4, 12, 16, 1, 9, 9, 9, 9, 9]"
76,THÔNG TƯ BÃI BỎ MỘT SỐ THÔNG TƯ CỦA BỘ TRƯỞNG BỘ TÀI CHÍNH TRONG LĨNH VỰC,B-TIT I-TIT B-TIT I-TIT I-TIT I-TIT I-TIT I-TIT I-TIT I-TIT I-TIT I-TIT I-TIT I-TIT I-TIT I-TIT I-TIT,"[6, 14, 6, 14, 14, 14, 14, 14, 14, 14, 14, 14, 14, 14, 14, 14, 14]"
77,"THUẾ Căn cứ Luật Ban hành văn bản quy phạm pháp luật ngày 22 tháng 6 năm 2015 ; Luật sửa đổi , bổ sung một số điều của Luật Ban hành văn bản quy phạm pháp luật ngày 18 tháng 6 năm 2020",B-TIT O O B-DOCID I-DOCID I-DOCID I-DOCID I-DOCID I-DOCID I-DOCID I-DOCID I-DOCID B-DAT I-DAT I-DAT I-DAT I-DAT I-DAT O B-TIT I-TIT I-TIT I-TIT I-TIT B-TIT I-TIT I-TIT I-TIT O B-TIT I-TIT I-TIT I-TIT I-TIT I-TIT I-TIT I-TIT I-TIT B-DAT I-DAT I-DAT I-DAT I-DAT I-DAT,"[6, 16, 16, 3, 11, 11, 11, 11, 11, 11, 11, 11, 1, 9, 9, 9, 9, 9, 16, 6, 14, 14, 14, 14, 6, 14, 14, 14, 16, 6, 14, 14, 14, 14, 14, 14, 14, 14, 1, 9, 9, 9, 9, 9]"
78,"Căn cứ Luật thuế giá trị gia tăng ngày 03 tháng 6 năm 2008 , Luật sửa đổi , bổ sung một số điều của Luật thuế giá trị gia tăng ngày 19 tháng 6 năm 2013 và các văn bản hướng dẫn thi hành",O O B-TIT I-TIT I-TIT I-TIT I-TIT I-TIT B-DAT I-DAT I-DAT I-DAT I-DAT I-DAT O B-TIT I-TIT I-TIT I-TIT I-TIT I-TIT I-TIT I-TIT I-TIT O B-TIT I-TIT I-TIT I-TIT I-TIT I-TIT B-DAT I-DAT I-DAT I-DAT I-DAT I-DAT O O O O O O O O,"[16, 16, 6, 14, 14, 14, 14, 14, 1, 9, 9, 9, 9, 9, 16, 6, 14, 14, 14, 14, 14, 14, 14, 14, 16, 6, 14, 14, 14, 14, 14, 1, 9, 9, 9, 9, 9, 16, 16, 16, 16, 16, 16, 16, 16]"
79,"Căn cứ Luật thuế thu nhập doanh nghiệp ngày 03 tháng 6 năm 2008 , Luật sửa đổi , bổ sung một số điều của Luật thuế thu nhập doanh nghiệp ngày 19 tháng 6 năm 2013 và các văn bản hướng dẫn thi hành , Luật sửa đổi , bổ sung một số điều của các Luật về thuế ngày 26 tháng 11 năm 2014 và các văn bản hướng dẫn thi hành",O O B-TIT I-TIT I-TIT I-TIT I-TIT I-TIT B-DAT I-DAT I-DAT I-DAT I-DAT I-DAT O B-TIT I-TIT I-TIT I-TIT I-TIT I-TIT I-TIT B-TIT I-TIT O B-TIT I-TIT I-TIT I-TIT I-TIT I-TIT B-DAT I-DAT I-DAT I-DAT I-DAT I-DAT O O O O O O O O O O O O O O O O O O O O B-TYP O O B-DAT I-DAT I-DAT I-DAT I-DAT B-DAT O O O O O O O O,"[16, 16, 6, 14, 14, 14, 14, 14, 1, 9, 9, 9, 9, 9, 16, 6, 14, 14, 14, 14, 14, 14, 6, 14, 16, 6, 14, 14, 14, 14, 14, 1, 9, 9, 9, 9, 9, 16, 16, 16, 16, 16, 16, 16, 16, 16, 16, 16, 16, 16, 16, 16, 16, 16, 16, 16, 16, 7, 16, 16, 1, 9, 9, 9, 9, 1, 16, 16, 16, 16, 16, 16, 16, 16]"
80,"Căn cứ Luật thuế xuất khẩu , thuế nhập khẩu ngày 06 tháng 4 năm 2016 và các văn bản hướng",O O B-TIT I-TIT I-TIT I-TIT I-TIT I-TIT I-TIT I-TIT B-DAT I-DAT I-DAT I-DAT I-DAT I-DAT O O O O O,"[16, 16, 6, 14, 14, 14, 14, 14, 14, 14, 1, 9, 9, 9, 9, 9, 16, 16, 16, 16, 16]"
81,Căn cứ Nghị định số 34/2016/NĐ -CP ngày 14 tháng 5 năm 2016 của Chính phủ quy định chi tiết một số điều và biện pháp thi hành Luật Ban hành văn bản quy phạm pháp luật,O O B-TIT I-TIT O B-DOCID I-DOCID B-DAT I-DAT I-DAT I-DAT I-DAT I-DAT O B-DEP I-DEP O O O O O O O O O O O O B-TIT I-TIT I-TIT I-TIT I-TIT I-TIT I-TIT I-TIT I-TIT,"[16, 16, 6, 14, 16, 3, 11, 1, 9, 9, 9, 9, 9, 16, 2, 10, 16, 16, 16, 16, 16, 16, 16, 16, 16, 16, 16, 16, 6, 14, 14, 14, 14, 14, 14, 14, 14]"
82,"Căn cứ Nghị định số 154/2020/NĐ -CP ngày 31 tháng 12 năm 2020 của Chính phủ sửa đổi , bổ sung một số điều của Nghị định số 34/2016/NĐ -CP ngày 14 tháng 5 năm 2016 của Chính phủ quy định chi tiết một số điều và biện pháp thi hành Luật Ban hành văn bản quy phạm pháp luật",O O B-TIT I-TIT O B-DOCID I-DOCID B-DAT I-DAT I-DAT I-DAT I-DAT I-DAT O B-DEP I-DEP O O O O O O O O O B-TIT I-TIT O B-DOCID I-DOCID B-DAT I-DAT I-DAT I-DAT I-DAT I-DAT O B-DEP I-DEP O O O O O O O O O O O O B-TIT I-TIT I-TIT I-TIT I-TIT I-TIT I-TIT I-TIT I-TIT,"[16, 16, 6, 14, 16, 3, 11, 1, 9, 9, 9, 9, 9, 16, 2, 10, 16, 16, 16, 16, 16, 16, 16, 16, 16, 6, 14, 16, 3, 11, 1, 9, 9, 9, 9, 9, 16, 2, 10, 16, 16, 16, 16, 16, 16, 16, 16, 16, 16, 16, 16, 6, 14, 14, 14, 14, 14, 14, 14, 14]"
83,"Căn cứ Nghị định số 14/2023/NĐ -CP ngày 20 tháng 4 năm 2023 của Chính phủ quy định chức năng , nhiệm vụ , quyền hạn và cơ cấu tổ chức của Bộ Tài chính",O O B-TIT I-TIT O B-DOCID I-DOCID B-DAT I-DAT I-DAT I-DAT I-DAT I-DAT O B-DEP I-DEP O O O O O O O O O O O O O O O O B-DEP I-DEP I-DEP,"[16, 16, 6, 14, 16, 3, 11, 1, 9, 9, 9, 9, 9, 16, 2, 10, 16, 16, 16, 16, 16, 16, 16, 16, 16, 16, 16, 16, 16, 16, 16, 16, 2, 10, 10]"
84,"Theo đề nghị của Cục trưởng Cục Quản lý , giám sát chính sách thuế , phí và lệ phí",O O O O B-PER I-PER B-DEP I-DEP I-DEP I-DEP I-DEP I-DEP I-DEP I-DEP I-DEP I-DEP I-DEP I-DEP I-DEP I-DEP,"[16, 16, 16, 16, 5, 13, 2, 10, 10, 10, 10, 10, 10, 10, 10, 10, 10, 10, 10, 10]"
85,Bộ trưởng Bộ Tài chính ban hành Thông tư bãi bỏ một số Thông tư của Bộ trưởng Bộ Tài chính,B-PER I-PER B-DEP I-DEP I-DEP O O B-TIT I-TIT I-TIT I-TIT I-TIT I-TIT I-TIT I-TIT O B-PER I-PER B-DEP I-DEP I-DEP,"[5, 13, 2, 10, 10, 16, 16, 6, 14, 14, 14, 14, 14, 14, 14, 16, 5, 13, 2, 10, 10]"
86,QUỐC HỘI CỘNG HÒA XÃ HỘI CHỦ NGHĨA VIỆT NAM,B-DEP I-DEP B-LOC I-LOC I-LOC I-LOC I-LOC I-LOC I-LOC I-LOC,"[2, 10, 4, 12, 12, 12, 12, 12, 12, 12]"
87,"Luật số : 107/2016/QH13 Hà Nội , ngày 06 tháng 4 năm 2016",O O O B-DOCID B-LOC I-LOC O B-DAT I-DAT I-DAT I-DAT I-DAT I-DAT,"[16, 16, 16, 3, 4, 12, 16, 1, 9, 9, 9, 9, 9]"
88,"LUẬT THUẾ XUẤT KHẨU , THUẾ NHẬP KHẨU",B-TIT B-TIT I-TIT I-TIT I-TIT I-TIT I-TIT I-TIT,"[6, 6, 14, 14, 14, 14, 14, 14]"
89,Căn cứ Hiến pháp nước Cộng hòa xã hội chủ nghĩa Việt Nam,O O B-TIT I-TIT O B-LOC I-LOC I-LOC I-LOC I-LOC I-LOC I-LOC I-LOC,"[16, 16, 6, 14, 16, 4, 12, 12, 12, 12, 12, 12, 12]"
90,"Quốc hội ban hành Luật thuế xuất khẩu , thuế nhập khẩu",B-DEP I-DEP O O B-TIT I-TIT I-TIT I-TIT I-TIT I-TIT I-TIT I-TIT,"[2, 10, 16, 16, 6, 14, 14, 14, 14, 14, 14, 14]"
91,CHÍNH PHỦ -CỘNG HÒA XÃ HỘI CHỦ NGHĨA VIỆT NAM,B-DEP I-DEP B-LOC I-LOC I-LOC I-LOC I-LOC I-LOC I-LOC I-LOC,"[2, 10, 4, 12, 12, 12, 12, 12, 12, 12]"
92,"Số : 256/2025/NĐ-CP Hà Nội , ngày 03 tháng 10 năm 2025",O O B-DOCID B-LOC I-LOC O B-DAT I-DAT I-DAT I-DAT I-DAT I-DAT,"[16, 16, 3, 4, 12, 16, 1, 9, 9, 9, 9, 9]"
93,NGHỊ ĐỊNH QUY ĐỊNH CHI TIẾT VỀ VIỆC THỰC HIỆN DỰ ÁN ÁP DỤNG LOẠI HỢP ĐỒNG XÂY DỰNG,B-TIT I-TIT B-TIT I-TIT I-TIT I-TIT I-TIT I-TIT I-TIT I-TIT I-TIT I-TIT I-TIT I-TIT I-TIT I-TIT I-TIT I-TIT I-TIT,"[6, 14, 6, 14, 14, 14, 14, 14, 14, 14, 14, 14, 14, 14, 14, 14, 14, 14, 14]"
94,CHUYỂN GIAO Căn cứ Luật Tổ chức Chính phủ số 63/2025/QH15,B-TIT I-TIT O O B-TIT I-TIT I-TIT I-TIT I-TIT O B-DOCID,"[6, 14, 16, 16, 6, 14, 14, 14, 14, 16, 3]"
95,Căn cứ Luật Đầu tư theo phương thức đối tác công tư số 64/2020/QH14,O O B-TIT I-TIT I-TIT I-TIT I-TIT I-TIT I-TIT I-TIT I-TIT I-TIT O B-DOCID,"[16, 16, 6, 14, 14, 14, 14, 14, 14, 14, 14, 14, 16, 3]"
96,"Căn cứ Luật sửa đổi , bổ sung một số điều của Luật Quy hoạch , Luật Đầu tư , Luật Đầu tư theo phương thức đối tác công tư và Luật Đấu thầu số 57/2024/QH15",O O B-TIT I-TIT I-TIT I-TIT I-TIT I-TIT I-TIT I-TIT I-TIT O B-TIT I-TIT I-TIT O B-TIT I-TIT I-TIT O B-TIT I-TIT I-TIT I-TIT I-TIT B-TIT I-TIT I-TIT I-TIT I-TIT O B-TIT I-TIT I-TIT O B-DOCID,"[16, 16, 6, 14, 14, 14, 14, 14, 14, 14, 14, 16, 6, 14, 14, 16, 6, 14, 14, 16, 6, 14, 14, 14, 14, 6, 14, 14, 14, 14, 16, 6, 14, 14, 16, 3]"
97,"Căn cứ Luật sửa đổi , bổ sung một số điều của Luật Đấu thầu , Luật Đầu tư theo phương thức đối tác công tư , Luật Hải quan , Luật Thuế giá trị gia tăng , Luật Thuế xuất khẩu , thuế nhập khẩu , Luật Đầu tư",O O B-TIT I-TIT I-TIT I-TIT I-TIT I-TIT I-TIT I-TIT I-TIT O B-TIT I-TIT I-TIT O B-TIT I-TIT I-TIT I-TIT I-TIT I-TIT I-TIT I-TIT B-TIT I-TIT O B-TIT I-TIT I-TIT O B-TIT I-TIT I-TIT I-TIT I-TIT I-TIT O B-TIT I-TIT I-TIT I-TIT I-TIT I-TIT I-TIT I-TIT O B-TIT I-TIT I-TIT,"[16, 16, 6, 14, 14, 14, 14, 14, 14, 14, 14, 16, 6, 14, 14, 16, 6, 14, 14, 14, 14, 14, 14, 14, 6, 14, 16, 6, 14, 14, 16, 6, 14, 14, 14, 14, 14, 16, 6, 14, 14, 14, 14, 14, 14, 14, 16, 6, 14, 14]"
98,"Luật Đầu tư công , Luật Quản lý sử dụng tài sản công số 90/2025/QH15",B-TIT I-TIT I-TIT I-TIT O B-TIT I-TIT I-TIT I-TIT I-TIT I-TIT I-TIT I-TIT O B-DOCID,"[6, 14, 14, 14, 16, 6, 14, 14, 14, 14, 14, 14, 14, 16, 3]"
99,Theo đề nghị của Bộ trưởng Bộ Tài chính,O O O O B-PER I-PER B-DEP I-DEP I-DEP,"[16, 16, 16, 16, 5, 13, 2, 10, 10]"
100,Chính phủ ban hành Nghị định quy định chi tiết về việc thực hiện dựánáp dụng loại hợp đồng Xây,B-DEP I-DEP O O B-TIT I-TIT I-TIT I-TIT I-TIT I-TIT I-TIT I-TIT I-TIT I-TIT I-TIT I-TIT I-TIT I-TIT I-TIT I-TIT,"[2, 10, 16, 16, 6, 14, 14, 14, 14, 14, 14, 14, 14, 14, 14, 14, 14, 14, 14, 14]"
101,dựng - Chuyển giao CHÍNH PHỦ,B-TIT I-TIT I-TIT I-TIT B-DEP I-DEP,"[6, 14, 14, 14, 2, 10]"
102,-CỘNG HÒA XÃ HỘI CHỦ NGHĨA VIỆT NAM,B-LOC I-LOC I-LOC I-LOC I-LOC I-LOC I-LOC I-LOC,"[4, 12, 12, 12, 12, 12, 12, 12]"
103,"Số : 82/2025/NĐ-CP Hà Nội , ngày 02 tháng 4 năm 2025",O O B-DOCID B-LOC I-LOC O B-DAT I-DAT I-DAT I-DAT I-DAT I-DAT,"[16, 16, 3, 4, 12, 16, 1, 9, 9, 9, 9, 9]"
104,"NGHỊ ĐỊNH GIA HẠN THỜI HẠN NỘP THUẾ GIÁ TRỊ GIA TĂNG , THUẾ THU NHẬP DOANH NGHIỆP",B-TIT I-TIT B-TIT I-TIT I-TIT I-TIT I-TIT I-TIT I-TIT I-TIT I-TIT I-TIT I-TIT I-TIT I-TIT I-TIT I-TIT I-TIT,"[6, 14, 6, 14, 14, 14, 14, 14, 14, 14, 14, 14, 14, 14, 14, 14, 14, 14]"
105,THUẾ THU NHẬP CÁ NHÂN VÀ TIỀN THUÊ ĐẤT TRONG NĂM 2025,B-TIT I-TIT I-TIT I-TIT I-TIT I-TIT I-TIT I-TIT I-TIT I-TIT I-TIT I-TIT,"[6, 14, 14, 14, 14, 14, 14, 14, 14, 14, 14, 14]"
106,Căn cứ Luật Tổ chức Chính phủ ngày 18 tháng 02 năm 2025,O O B-TIT I-TIT I-TIT I-TIT I-TIT B-DAT I-DAT I-DAT I-DAT I-DAT I-DAT,"[16, 16, 6, 14, 14, 14, 14, 1, 9, 9, 9, 9, 9]"
107,"Căn cứ Luật Quản lý thuế ngày 13 tháng 6 năm 2019 ; Luật sửa đổi , bổ sung một số điều của Luật",O O B-TIT I-TIT I-TIT I-TIT B-DAT I-DAT I-DAT I-DAT I-DAT I-DAT O B-TIT I-TIT I-TIT I-TIT I-TIT I-TIT I-TIT I-TIT I-TIT I-TIT I-TIT,"[16, 16, 6, 14, 14, 14, 1, 9, 9, 9, 9, 9, 16, 6, 14, 14, 14, 14, 14, 14, 14, 14, 14, 14]"
108,"Chứng khoán , Luật Kế toán , Luật Kiểm toán độc lập , Luật Ngân sách nhà nước , Luật Quản lý , sử dụng tài sản công , Luật Quản lý thuế , Luật Thuế thu nhập cá nhân , Luật Dự trữ quốc gia , Luật Xử lý vi phạm hành chính ngày 29 tháng 11 năm 2024",B-TIT I-TIT O B-TIT I-TIT I-TIT O B-TIT I-TIT I-TIT I-TIT I-TIT O B-TIT I-TIT I-TIT I-TIT I-TIT O B-TIT I-TIT I-TIT I-TIT I-TIT I-TIT B-TIT I-TIT I-TIT O B-TIT I-TIT I-TIT I-TIT O B-TIT I-TIT I-TIT I-TIT I-TIT I-TIT O B-TIT I-TIT I-TIT I-TIT I-TIT O B-TIT I-TIT I-TIT I-TIT B-TIT I-TIT I-TIT B-DAT I-DAT I-DAT I-DAT I-DAT I-DAT,"[6, 14, 16, 6, 14, 14, 16, 6, 14, 14, 14, 14, 16, 6, 14, 14, 14, 14, 16, 6, 14, 14, 14, 14, 14, 6, 14, 14, 16, 6, 14, 14, 14, 16, 6, 14, 14, 14, 14, 14, 16, 6, 14, 14, 14, 14, 16, 6, 14, 14, 14, 6, 14, 14, 1, 9, 9, 9, 9, 9]"
109,Theo đề nghị của Bộ trưởng Bộ Tài chính,O O O O B-PER I-PER B-DEP I-DEP I-DEP,"[16, 16, 16, 16, 5, 13, 2, 10, 10]"
110,"Chính phủ ban hành Nghị định gia hạn thời hạn nộp thuế giá trị gia tăng , thuế thu nhập doanh nghiệp thuế thu nhập cá nhân và tiền thuê đất trong năm 2025",B-DEP I-DEP O O B-TIT I-TIT I-TIT I-TIT I-TIT I-TIT I-TIT I-TIT I-TIT I-TIT I-TIT I-TIT I-TIT I-TIT I-TIT I-TIT I-TIT I-TIT B-TIT I-TIT I-TIT I-TIT I-TIT I-TIT I-TIT I-TIT I-TIT I-TIT I-TIT I-TIT,"[2, 10, 16, 16, 6, 14, 14, 14, 14, 14, 14, 14, 14, 14, 14, 14, 14, 14, 14, 14, 14, 14, 6, 14, 14, 14, 14, 14, 14, 14, 14, 14, 14, 14]"
111,CHÍNH PHỦ CỘNG HÒA XÃ HỘI CHỦ NGHĨA VIỆT NAM,B-DEP I-DEP B-LOC I-LOC I-LOC I-LOC I-LOC I-LOC I-LOC I-LOC,"[2, 10, 4, 12, 12, 12, 12, 12, 12, 12]"
112,"Số : 181/2025/NĐ -CP Hà Nội , ngày 01 tháng 7 năm 2025",O O B-DOCID I-DOCID B-LOC I-LOC O B-DAT I-DAT I-DAT I-DAT I-DAT I-DAT,"[16, 16, 3, 11, 4, 12, 16, 1, 9, 9, 9, 9, 9]"
113,NGHỊ ĐỊNH QUY ĐỊNH CHI TIẾT THI HÀNH MỘT SỐ ĐIỀU CỦA LUẬT THUẾ GIÁ TRỊ GIA TĂNG,B-TIT I-TIT B-TIT I-TIT I-TIT I-TIT I-TIT I-TIT I-TIT I-TIT I-TIT I-TIT I-TIT I-TIT I-TIT I-TIT I-TIT I-TIT,"[6, 14, 6, 14, 14, 14, 14, 14, 14, 14, 14, 14, 14, 14, 14, 14, 14, 14]"
114,Căn cứ Luật Tổ chức Chính phủ ngày 18 tháng 02 năm 2025,O O B-TIT I-TIT I-TIT I-TIT I-TIT B-DAT I-DAT I-DAT I-DAT I-DAT I-DAT,"[16, 16, 6, 14, 14, 14, 14, 1, 9, 9, 9, 9, 9]"
115,Căn cứ Luật Thuế giá trị gia tăng ngày 26 tháng 11 năm 2024,O O B-TIT I-TIT I-TIT I-TIT I-TIT I-TIT B-DAT I-DAT I-DAT I-DAT I-DAT I-DAT,"[16, 16, 6, 14, 14, 14, 14, 14, 1, 9, 9, 9, 9, 9]"
116,"Căn cứ Luật sửa đổi , bổ sung một số điều của Luật Đấu thầu , Luật Đầu tư theo phương thức đối tác công tư , Luật Hải quan , Luật Thuế giá trị gia tăng , Luật Thuế xuất khẩu , thuế nhập khẩu",O O B-TIT I-TIT I-TIT I-TIT I-TIT I-TIT I-TIT I-TIT I-TIT O B-TIT I-TIT I-TIT O B-TIT I-TIT I-TIT I-TIT I-TIT I-TIT I-TIT B-TIT I-TIT I-TIT O B-TIT I-TIT I-TIT O B-TIT I-TIT I-TIT I-TIT I-TIT I-TIT O B-TIT I-TIT I-TIT I-TIT I-TIT I-TIT I-TIT I-TIT,"[16, 16, 6, 14, 14, 14, 14, 14, 14, 14, 14, 16, 6, 14, 14, 16, 6, 14, 14, 14, 14, 14, 14, 6, 14, 14, 16, 6, 14, 14, 16, 6, 14, 14, 14, 14, 14, 16, 6, 14, 14, 14, 14, 14, 14, 14]"
117,"Luật Đầu tư , Luật Đầu tư công , Luật Quản lý , sử dụng tài sản công ngày 25 tháng 6 năm 2025",B-TIT I-TIT I-TIT O B-TIT I-TIT I-TIT I-TIT O B-TIT I-TIT I-TIT I-TIT I-TIT I-TIT I-TIT I-TIT I-TIT B-DAT I-DAT I-DAT I-DAT I-DAT I-DAT,"[6, 14, 14, 16, 6, 14, 14, 14, 16, 6, 14, 14, 14, 14, 14, 14, 14, 14, 1, 9, 9, 9, 9, 9]"
118,Theo đề nghị của Bộ trưởng Bộ Tài chính,O O O O B-PER I-PER B-DEP I-DEP I-DEP,"[16, 16, 16, 16, 5, 13, 2, 10, 10]"
119,Chính phủ ban hành Nghị định quy định chi tiết thi hành một số điều của Luật Thuế giá trị gia,B-DEP I-DEP O O B-TIT I-TIT I-TIT I-TIT I-TIT I-TIT I-TIT I-TIT I-TIT I-TIT I-TIT O B-TIT I-TIT I-TIT I-TIT I-TIT,"[2, 10, 16, 16, 6, 14, 14, 14, 14, 14, 14, 14, 14, 14, 14, 16, 6, 14, 14, 14, 14]"
120,tăng CHÍNH PHỦ,B-TIT B-DEP I-DEP,"[6, 2, 10]"
121,"Số : 254/2025/NĐ-CP Hà Nội , ngày 26 tháng 9 năm 2025",O O B-DOCID B-LOC I-LOC O B-DAT I-DAT I-DAT I-DAT I-DAT I-DAT,"[16, 16, 3, 4, 12, 16, 1, 9, 9, 9, 9, 9]"
122,"NGHỊ ĐỊNH QUY ĐỊNH VỀ QUẢN LÝ , THANH TOÁN , QUYẾT TOÁN DỰ ÁN SỬ DỤNG VỐN ĐẦU TƯ CÔNG",B-TIT I-TIT B-TIT I-TIT I-TIT I-TIT I-TIT I-TIT I-TIT I-TIT I-TIT I-TIT I-TIT I-TIT I-TIT I-TIT I-TIT I-TIT I-TIT I-TIT I-TIT,"[6, 14, 6, 14, 14, 14, 14, 14, 14, 14, 14, 14, 14, 14, 14, 14, 14, 14, 14, 14, 14]"
123,Căn cứ Luật Tổ chức Chính phủ số 63/2025/QH15,O O B-TIT I-TIT I-TIT I-TIT I-TIT O B-DOCID,"[16, 16, 6, 14, 14, 14, 14, 16, 3]"
124,"Căn cứ Luật Ban hành văn bản quy phạm pháp luật số 64/2025/QH15 được sửa đổi , bổ sung bởi Luật",O O B-TIT I-TIT I-TIT I-TIT I-TIT I-TIT I-TIT I-TIT I-TIT O B-DOCID O O O O O O O B-TIT,"[16, 16, 6, 14, 14, 14, 14, 14, 14, 14, 14, 16, 3, 16, 16, 16, 16, 16, 16, 16, 6]"
125,số 87/2025/QH15 Căn cứ Luật Ngân sách nhà nước số 89/2025/QH15,O B-DOCID O O B-TIT I-TIT I-TIT I-TIT I-TIT O B-DOCID,"[16, 3, 16, 16, 6, 14, 14, 14, 14, 16, 3]"
126,"Căn cứ Luật Đầu tư công số 58/2024/QH15 được sửa đổi , bổ sung bởi Luật số 90/2025/QH15",O O B-TIT I-TIT I-TIT I-TIT O B-DOCID O O O O O O O O O B-DOCID,"[16, 16, 6, 14, 14, 14, 16, 3, 16, 16, 16, 16, 16, 16, 16, 16, 16, 3]"
127,Căn cứ Luật Đất đai số 31/2024/QH15,O O B-TIT I-TIT I-TIT O B-DOCID,"[16, 16, 6, 14, 14, 16, 3]"
128,"Căn cứ Luật Đấu thầu số 22/2023/QH15 được sửa đổi , bổ sung bởi Luật số 57/2024/QH15",O O B-TIT I-TIT I-TIT O B-DOCID O O O O O O O O O B-DOCID,"[16, 16, 6, 14, 14, 16, 3, 16, 16, 16, 16, 16, 16, 16, 16, 16, 3]"
129,Căn cứ Luật Bảo vệ bí mật nhà nước số 29/2018/QH14,O O B-TIT I-TIT I-TIT I-TIT I-TIT I-TIT I-TIT O B-DOCID,"[16, 16, 6, 14, 14, 14, 14, 14, 14, 16, 3]"
130,"Căn cứ Luật Quy hoạch số 21/2017/QH14 được sửa đổi , bổ sung bởi Luật Khám bệnh , chữa bệnh số",O O B-TIT I-TIT I-TIT O B-DOCID O O O O O O O B-TIT I-TIT I-TIT I-TIT I-TIT I-TIT O,"[16, 16, 6, 14, 14, 16, 3, 16, 16, 16, 16, 16, 16, 16, 6, 14, 14, 14, 14, 14, 16]"
131,"15/2023/QH15 , Luật Giá số 16/2023/QH15 , Luật Tài nguyên nước số 28/2023/QH15",B-DOCID O B-TIT I-TIT O B-DOCID O B-TIT I-TIT I-TIT I-TIT O B-DOCID,"[3, 16, 6, 14, 16, 3, 16, 6, 14, 14, 14, 16, 3]"
132,Căn cứ Luật Quản lý nợ công số 20/2017/QH14,O O B-TIT I-TIT I-TIT I-TIT I-TIT O B-DOCID,"[16, 16, 6, 14, 14, 14, 14, 16, 3]"
133,"Căn cứ Luật Xây dựng số 50/2014/QH13 được sửa đổi , bổ sung bởi Luật số 62/2020/QH14",O O B-TIT I-TIT I-TIT O B-DOCID O O O O O O O O O B-DOCID,"[16, 16, 6, 14, 14, 16, 3, 16, 16, 16, 16, 16, 16, 16, 16, 16, 3]"
134,Căn cứ Luật Cơ quan đại diện nước Cộng hòa xã hội chủ nghĩa Việt Namở nước ngoài số,O O B-TIT I-TIT I-TIT I-TIT I-TIT O B-LOC I-LOC I-LOC I-LOC I-LOC I-LOC I-LOC I-LOC O O O,"[16, 16, 6, 14, 14, 14, 14, 16, 4, 12, 12, 12, 12, 12, 12, 12, 16, 16, 16]"
135,"33/2009/QH12 được sửa đổi , bổ sung bởi Luật số 19/2017/QH14",B-DOCID O O O O O O O O O B-DOCID,"[3, 16, 16, 16, 16, 16, 16, 16, 16, 16, 3]"
136,Theo đề nghị của Bộ trưởng Bộ Tài chính,O O O O B-PER I-PER B-DEP I-DEP I-DEP,"[16, 16, 16, 16, 5, 13, 2, 10, 10]"
137,"Chính phủ ban hành Nghị định quy định về quản lý , thanh toán , quyết toán dựán sử dụng vốn đầu tư",B-DEP I-DEP O O B-TIT I-TIT I-TIT I-TIT I-TIT I-TIT I-TIT I-TIT I-TIT I-TIT I-TIT I-TIT I-TIT I-TIT I-TIT I-TIT I-TIT I-TIT I-TIT,"[2, 10, 16, 16, 6, 14, 14, 14, 14, 14, 14, 14, 14, 14, 14, 14, 14, 14, 14, 14, 14, 14, 14]"
138,công CHÍNH PHỦ,B-TIT B-DEP I-DEP,"[6, 2, 10]"
139,-CỘNG HÒA XÃ HỘI CHỦ NGHĨA VIỆT NAM,B-LOC I-LOC I-LOC I-LOC I-LOC I-LOC I-LOC I-LOC,"[4, 12, 12, 12, 12, 12, 12, 12]"
140,"Số : 199/2025/NĐ-CP Hà Nội , ngày 08 tháng 7 năm 2025",O O B-DOCID B-LOC I-LOC O B-DAT I-DAT I-DAT I-DAT I-DAT I-DAT,"[16, 16, 3, 4, 12, 16, 1, 9, 9, 9, 9, 9]"
141,"NGHỊ ĐỊNH SỬA ĐỔI , BỔ SUNG NGHỊ ĐỊNH SỐ 26/2023/NĐ-CP NGÀY 31 THÁNG 5 NĂM 2023 CỦA",B-TIT I-TIT B-TIT I-TIT I-TIT I-TIT I-TIT O O O B-DOCID B-DAT I-DAT I-DAT I-DAT I-DAT I-DAT O,"[6, 14, 6, 14, 14, 14, 14, 16, 16, 16, 3, 1, 9, 9, 9, 9, 9, 16]"
142,"CHÍNH PHỦ VỀ BIỂU THUẾ XUẤT KHẨU , BIỂU THUẾ NHẬP KHẨU ƯU ĐÃI , DANH MỤC",B-DEP I-DEP O B-TIT I-TIT I-TIT I-TIT O B-TIT I-TIT I-TIT I-TIT I-TIT I-TIT O B-TIT I-TIT,"[2, 10, 16, 6, 14, 14, 14, 16, 6, 14, 14, 14, 14, 14, 16, 6, 14]"
143,"HÀNG HÓA VÀ MỨC THUẾ TUYỆT ĐỐI , THUẾ HỖN HỢP , THUẾ NHẬP KHẨU NGOÀI HẠN",B-TIT I-TIT I-TIT I-TIT I-TIT I-TIT I-TIT O B-TIT I-TIT I-TIT O B-TIT I-TIT I-TIT I-TIT I-TIT,"[6, 14, 14, 14, 14, 14, 14, 16, 6, 14, 14, 16, 6, 14, 14, 14, 14]"
144,Căn cứ Luật Tổ chức Chính phủ ngày 18 tháng 02 năm 2025,O O B-TIT I-TIT I-TIT I-TIT I-TIT B-DAT I-DAT I-DAT I-DAT I-DAT I-DAT,"[16, 16, 6, 14, 14, 14, 14, 1, 9, 9, 9, 9, 9]"
145,"Căn cứ Luật Thuế xuất khẩu , thuế nhập khẩu ngày 06 tháng 4 năm 2016",O O B-TIT I-TIT I-TIT I-TIT I-TIT I-TIT I-TIT I-TIT B-DAT I-DAT I-DAT I-DAT I-DAT I-DAT,"[16, 16, 6, 14, 14, 14, 14, 14, 14, 14, 1, 9, 9, 9, 9, 9]"
146,"Căn cứ Luật Quản lý thuế ngày 13 tháng 6 năm 2019 ; Luật sửa đổi , bổ sung một số điều của Luật",O O B-TIT I-TIT I-TIT I-TIT B-DAT I-DAT I-DAT I-DAT I-DAT I-DAT O B-TIT I-TIT I-TIT I-TIT I-TIT I-TIT I-TIT I-TIT I-TIT O B-TIT,"[16, 16, 6, 14, 14, 14, 1, 9, 9, 9, 9, 9, 16, 6, 14, 14, 14, 14, 14, 14, 14, 14, 16, 6]"
147,"Chứng khoán , Luật Kế toán , Luật Kiểm toán độc lập , Luật Ngân sách nhà nước , Luật Quản lý , sử dụng tài sản công , Luật Quản lý thuế , Luật Thuế thu nhập cá nhân , Luật Dự trữ quốc gia , Luật Xử lý vi phạm hành chính ngày 29 tháng 11 năm 2024",B-TIT I-TIT O B-TIT I-TIT I-TIT O B-TIT I-TIT I-TIT I-TIT I-TIT O B-TIT I-TIT I-TIT I-TIT I-TIT O B-TIT I-TIT I-TIT I-TIT I-TIT I-TIT B-TIT I-TIT I-TIT O B-TIT I-TIT I-TIT I-TIT O B-TIT I-TIT I-TIT I-TIT I-TIT I-TIT O B-TIT I-TIT I-TIT I-TIT I-TIT O B-TIT I-TIT I-TIT I-TIT B-TIT I-TIT I-TIT B-DAT I-DAT I-DAT I-DAT I-DAT I-DAT,"[6, 14, 16, 6, 14, 14, 16, 6, 14, 14, 14, 14, 16, 6, 14, 14, 14, 14, 16, 6, 14, 14, 14, 14, 14, 6, 14, 14, 16, 6, 14, 14, 14, 16, 6, 14, 14, 14, 14, 14, 16, 6, 14, 14, 14, 14, 16, 6, 14, 14, 14, 6, 14, 14, 1, 9, 9, 9, 9, 9]"
148,Căn cứ Luật Hải quan ngày 23 tháng 6 năm 2014,O O B-TIT I-TIT I-TIT B-DOCID I-DOCID I-DOCID I-DOCID I-DOCID I-DOCID,"[16, 16, 6, 14, 14, 3, 11, 11, 11, 11, 11]"
149,Căn cứ Nghị quyết số 71/2006/QH11 ngày 29 tháng 11 năm 2006 của Quốc hội phê chuẩn Nghị định,O O B-TIT I-TIT O B-DOCID B-DAT I-DAT I-DAT I-DAT I-DAT I-DAT O B-DEP I-DEP O O O O,"[16, 16, 6, 14, 16, 3, 1, 9, 9, 9, 9, 9, 16, 2, 10, 16, 16, 16, 16]"
150,Theo đề nghị của Bộ trưởng Bộ Tài chính,O O O O B-PER I-PER B-DEP I-DEP I-DEP,"[16, 16, 16, 16, 5, 13, 2, 10, 10]"
151,"Chính phủ ban hành Nghị định sửa đổi , bổ sung Nghị định số 26/2023/NĐ-CP ngày 31 tháng 5 năm 2023 của Chính phủ về Biểu thuế xuất khẩu , Biểu thuế nhập khẩuưu đãi , Danh mục hàng hóa và mức",B-DEP I-DEP O O B-TIT I-TIT I-TIT I-TIT I-TIT I-TIT I-TIT O O O B-DOCID B-DAT I-DAT I-DAT I-DAT I-DAT B-DAT O B-DEP I-DEP O O O O O O O O O O O O O O O O O O,"[2, 10, 16, 16, 6, 14, 14, 14, 14, 14, 14, 16, 16, 16, 3, 1, 9, 9, 9, 9, 1, 16, 2, 10, 16, 16, 16, 16, 16, 16, 16, 16, 16, 16, 16, 16, 16, 16, 16, 16, 16, 16]"
152,"26/2023/NĐ-CP ) Số : 83/NQ -CP Hà Nội , ngày 08 tháng 6 năm 2024",B-DOCID O O O B-DOCID I-DOCID B-LOC I-LOC O B-DAT I-DAT I-DAT I-DAT I-DAT I-DAT,"[3, 16, 16, 16, 3, 11, 4, 12, 16, 1, 9, 9, 9, 9, 9]"
153,NGHỊ QUYẾT VỀ DỰ ÁN NGH Ị QUY ẾT CỦA QU ỐC HỘI VỀ GIẢM THU Ế GIÁ TR Ị GIA TĂNG,B-TIT I-TIT B-TIT I-TIT I-TIT I-TIT I-TIT I-TIT I-TIT I-TIT I-TIT I-TIT I-TIT I-TIT I-TIT I-TIT I-TIT I-TIT I-TIT I-TIT I-TIT I-TIT,"[6, 14, 6, 14, 14, 14, 14, 14, 14, 14, 14, 14, 14, 14, 14, 14, 14, 14, 14, 14, 14, 14]"
154,Xét đề nghị của Bộ trưởng Bộ Tài chính tại Tờ trình số 127/TTr -BTC ngày 06 tháng 6,O O O O B-PER I-PER B-DEP I-DEP I-DEP O O O O B-DOCID I-DOCID B-DAT I-DAT I-DAT I-DAT,"[16, 16, 16, 16, 5, 13, 2, 10, 10, 16, 16, 16, 16, 3, 11, 1, 9, 9, 9]"
155,"năm 2024 Số : 034/2025/QĐ-UBND Cà Mau , ngày 01 tháng 10 năm 2025",B-DAT I-DAT O O B-DOCID B-LOC I-LOC O B-DAT I-DAT I-DAT I-DAT I-DAT I-DAT,"[1, 9, 16, 16, 3, 4, 12, 16, 1, 9, 9, 9, 9, 9]"
156,Căn cứ Luật Tổ chức chính quyền địa phương số 72/2025/QH15,O O B-TIT I-TIT I-TIT I-TIT I-TIT I-TIT I-TIT O B-DOCID,"[16, 16, 6, 14, 14, 14, 14, 14, 14, 16, 3]"
157,Căn cứ Luật Ban hành văn bản quy phạm pháp luật số 64/2025/QH15,O O B-TIT I-TIT I-TIT I-TIT I-TIT I-TIT I-TIT I-TIT I-TIT O B-DOCID,"[16, 16, 6, 14, 14, 14, 14, 14, 14, 14, 14, 16, 3]"
158,87/2025/QH15 Căn cứ Luật Xây dựng số 50/2014/QH13,B-DOCID O O B-TIT I-TIT I-TIT O B-DOCID,"[3, 16, 16, 6, 14, 14, 16, 3]"
159,"Căn cứ Luật sửa đổi , bổ sung một số điều của Luật Xây dựng số 62/2020/QH14",O O B-TIT I-TIT I-TIT I-TIT I-TIT I-TIT I-TIT I-TIT I-TIT O B-TIT I-TIT I-TIT O B-DOCID,"[16, 16, 6, 14, 14, 14, 14, 14, 14, 14, 14, 16, 6, 14, 14, 16, 3]"
160,Căn cứ Luật Giá số 16/2023/QH15,O O B-TIT I-TIT O B-DOCID,"[16, 16, 6, 14, 16, 3]"
161,Căn cứ Luật Đất đai số 31/2024/QH15,O O B-TIT I-TIT I-TIT O B-DOCID,"[16, 16, 6, 14, 14, 16, 3]"
162,"Căn cứ Luật sửa đổi , bổ sung một số điều của Luật Đất đai số 31/2024/QH15 , Luật Nhàở số",O O B-TIT I-TIT I-TIT I-TIT I-TIT I-TIT I-TIT I-TIT I-TIT O B-TIT I-TIT I-TIT O B-DOCID O B-TIT I-TIT O,"[16, 16, 6, 14, 14, 14, 14, 14, 14, 14, 14, 16, 6, 14, 14, 16, 3, 16, 6, 14, 16]"
163,"27/2023/QH15 , Luật Kinh doanh bất động sản số 29/2023/QH15 và Luật Các tổ chức tín dụng số",B-DOCID O B-TIT I-TIT I-TIT I-TIT I-TIT I-TIT O B-DOCID O B-TIT I-TIT I-TIT I-TIT I-TIT I-TIT O,"[3, 16, 6, 14, 14, 14, 14, 14, 16, 3, 16, 6, 14, 14, 14, 14, 14, 16]"
164,32/2024/QH15 số 43/2024/QH15 Căn cứ Nghị định số 10/2021/NĐ-CP ngày 09 tháng 02 năm 2021 của Chính phủ về quản lý chi phí,B-DOCID O B-DOCID O O O O O B-DOCID B-DAT I-DAT I-DAT I-DAT I-DAT I-DAT O B-DEP I-DEP O O O O O,"[3, 16, 3, 16, 16, 16, 16, 16, 3, 1, 9, 9, 9, 9, 9, 16, 2, 10, 16, 16, 16, 16, 16]"
165,Căn cứ Nghị định số 85/2024/NĐ-CP ngày 10 tháng 7 năm 2024 của Chính phủ quy định chi tiết một,O O O O O B-DOCID B-DAT I-DAT I-DAT I-DAT I-DAT I-DAT O B-DEP I-DEP O O O O O,"[16, 16, 16, 16, 16, 3, 1, 9, 9, 9, 9, 9, 16, 2, 10, 16, 16, 16, 16, 16]"
166,Căn cứ Nghị định số 88/2024/NĐ-CP ngày 15 tháng 7 năm 2024 của Chính phủ quy định về bồi,O O O O O B-DOCID B-DAT I-DAT I-DAT I-DAT I-DAT I-DAT O B-DEP I-DEP O O O O,"[16, 16, 16, 16, 16, 3, 1, 9, 9, 9, 9, 9, 16, 2, 10, 16, 16, 16, 16]"
167,Căn cứ Nghị định số 151/2025/NĐ-CP ngày 12 tháng 6 năm 2025 của Chính phủ quy định về phân,O O O O O B-DOCID B-DAT I-DAT I-DAT I-DAT I-DAT I-DAT O B-DEP I-DEP O O O O,"[16, 16, 16, 16, 16, 3, 1, 9, 9, 9, 9, 9, 16, 2, 10, 16, 16, 16, 16]"
168,"Căn cứ Nghị định số 226/2025/NĐ-CP ngày 15 tháng 8 năm 2025 của Chính phủ sửa đổi , bổ sung một",O O O O O B-DOCID B-DAT I-DAT I-DAT I-DAT I-DAT I-DAT O B-DEP I-DEP O O O O O O,"[16, 16, 16, 16, 16, 3, 1, 9, 9, 9, 9, 9, 16, 2, 10, 16, 16, 16, 16, 16, 16]"
169,Theo đề nghị của Sở Nông nghiệp và Môi trường tại Tờ trình số 233/TTr-SNNMT ngày 15 tháng 9 năm,O O O O B-DOCID I-DOCID I-DOCID I-DOCID I-DOCID I-DOCID O O O O B-DOCID B-DAT I-DAT I-DAT I-DAT I-DAT,"[16, 16, 16, 16, 3, 11, 11, 11, 11, 11, 16, 16, 16, 16, 3, 1, 9, 9, 9, 9]"
170,"2025 , Báo cáo số 523/BC-SNNMT ngày 30 tháng 9 năm 2025 ;ý kiến Thành viên Ủy ban nhân dân tỉnh được Văn phòng Ủy ban nhân dân tỉnh tổng hợp tại Công văn số 01644/VP-NNXD ngày 30 tháng 9",B-DAT O O O O B-DOCID B-DAT I-DAT I-DAT I-DAT I-DAT I-DAT O O B-PER I-PER B-DEP I-DEP I-DEP I-DEP O O O O B-DEP I-DEP I-DEP I-DEP I-DEP O O O O O O B-DOCID B-DAT I-DAT I-DAT I-DAT,"[1, 16, 16, 16, 16, 3, 1, 9, 9, 9, 9, 9, 16, 16, 5, 13, 2, 10, 10, 10, 16, 16, 16, 16, 2, 10, 10, 10, 10, 16, 16, 16, 16, 16, 16, 3, 1, 9, 9, 9]"
171,"năm 2025 Ủy ban nhân dân ban hành Quyết định ban hành quy định về bồi thường , hỗ trợ , tái định cư khi Nhà nước thu hồi đất trên địa bàn tỉnh Cà Mau",B-DAT I-DAT B-DEP I-DEP I-DEP I-DEP O O O O O O O O O O O O O O O O O O O O O O O O O O O O B-LOC I-LOC,"[1, 9, 2, 10, 10, 10, 16, 16, 16, 16, 16, 16, 16, 16, 16, 16, 16, 16, 16, 16, 16, 16, 16, 16, 16, 16, 16, 16, 16, 16, 16, 16, 16, 16, 4, 12]"
172,BỘ KHOA HỌC VÀ CÔNG NGHỆ,B-DEP I-DEP I-DEP I-DEP B-DEP I-DEP,"[2, 10, 10, 10, 2, 10]"
173,"Số : 3004/QĐ-BKHCN Hà Nội , ngày 02 tháng 10 năm 2025",O O B-DOCID B-LOC I-LOC O B-DAT I-DAT I-DAT I-DAT I-DAT I-DAT,"[16, 16, 3, 4, 12, 16, 1, 9, 9, 9, 9, 9]"
174,QUYẾT ĐỊNH PHÁT TRIỂN TRUNG TÂM TÀI CHÍNH QUỐC TẾ TẠI VIỆT NAM,B-TIT I-TIT O O B-DEP I-DEP I-DEP I-DEP I-DEP I-DEP O B-LOC I-LOC,"[6, 14, 16, 16, 2, 10, 10, 10, 10, 10, 16, 4, 12]"
175,BỘ TRƯỞNG BỘ KHOA HỌC VÀ CÔNG NGHỆ,B-PER I-PER B-DEP I-DEP I-DEP I-DEP I-DEP I-DEP,"[5, 13, 2, 10, 10, 10, 10, 10]"
176,Căn cứ Nghị định số 55/2025/NĐ-CP ngày 02 tháng 3 năm 2025 của Chính phủ quy định chức năng,O O O O O B-DOCID B-DAT I-DAT I-DAT I-DAT I-DAT I-DAT O B-DEP I-DEP O O O O,"[16, 16, 16, 16, 16, 3, 1, 9, 9, 9, 9, 9, 16, 2, 10, 16, 16, 16, 16]"
177,Căn cứ Nghị quyết số 259/NQ-CP ngày 31 tháng 12 năm 2024 của Chính phủ về Kế hoạch hành động triển khai thực hiện Thông báo số 47-TB/TW ngày 15 tháng 11 năm 2024 của Bộ Chính trị về việc xây,O O O O O B-DOCID B-DAT I-DAT I-DAT I-DAT I-DAT I-DAT O B-DEP I-DEP O O O O O O O O O O O O B-DAT B-DAT I-DAT I-DAT I-DAT I-DAT I-DAT O B-DEP I-DEP I-DEP O O O,"[16, 16, 16, 16, 16, 3, 1, 9, 9, 9, 9, 9, 16, 2, 10, 16, 16, 16, 16, 16, 16, 16, 16, 16, 16, 16, 16, 1, 1, 9, 9, 9, 9, 9, 16, 2, 10, 10, 16, 16, 16]"
178,Căn cứ Quyết định số 1132/QĐ-TTg ngày 09 tháng 10 năm 2024 của Thủ tướng Chính phủ phê duyệt,O O O O O B-DOCID B-DAT I-DAT I-DAT I-DAT I-DAT I-DAT O B-PER I-PER B-DEP I-DEP O O,"[16, 16, 16, 16, 16, 3, 1, 9, 9, 9, 9, 9, 16, 5, 13, 2, 10, 16, 16]"
179,Căn cứ Quyết định số 36/QĐ-TTg ngày 11 tháng 01 năm 2024 của Thủ tướng Chính phủ phê duyệt,O O O O O B-DOCID B-DAT I-DAT I-DAT I-DAT I-DAT I-DAT O B-PER I-PER B-DEP I-DEP O O,"[16, 16, 16, 16, 16, 3, 1, 9, 9, 9, 9, 9, 16, 5, 13, 2, 10, 16, 16]"
180,Căn cứ Quyết định số 114/QĐ-BCĐTTTC ngày 01 tháng 8 năm 2025 của Trưởng ban chỉ đạo Trung tâm tài chính quốc tế tại Việt Nam ban hành Kế hoạch hành động triển khai xây dựng Trung tâm tài chính quốc tế tại Việt Nam,O O O O O B-DOCID B-DAT I-DAT I-DAT I-DAT I-DAT I-DAT O B-PER I-PER I-PER I-PER B-DEP B-DEP I-DEP I-DEP I-DEP I-DEP O B-DEP I-DEP O O O O O O O O O O B-DEP I-DEP I-DEP B-DEP I-DEP I-DEP O B-DEP I-DEP,"[16, 16, 16, 16, 16, 3, 1, 9, 9, 9, 9, 9, 16, 5, 13, 13, 13, 2, 2, 10, 10, 10, 10, 16, 2, 10, 16, 16, 16, 16, 16, 16, 16, 16, 16, 16, 2, 10, 10, 2, 10, 10, 16, 2, 10]"
181,Căn cứ Quyết định số 912/QĐ-BKHCN ngày 18 tháng 5 năm 2025 của Bộ trưởng Bộ Khoa học và,O O O O O B-DOCID B-DAT I-DAT I-DAT I-DAT I-DAT I-DAT O B-PER I-PER O O O O,"[16, 16, 16, 16, 16, 3, 1, 9, 9, 9, 9, 9, 16, 5, 13, 16, 16, 16, 16]"
182,Công nghệ ban hành Kế hoạch phát triển hạ tầng số thời kỳ 2025-2030,B-DEP I-DEP O O O O O O O O O O O O,"[2, 10, 16, 16, 16, 16, 16, 16, 16, 16, 16, 16, 16, 16]"
183,Theo đề nghị của Cục trưởng Cục Viễn thông,O O O O B-PER I-PER B-DEP I-DEP I-DEP,"[16, 16, 16, 16, 5, 13, 2, 10, 10]"
184,"BỘ NỘI VỤ Căn cứ Nghị định số 25/2025/NĐ-CP ngày 21/02/2025 của Chính phủ quy định chức năng , nhiệm vụ",B-DEP I-DEP I-DEP O O O O O B-DOCID B-DAT I-DAT O B-DEP I-DEP O O O O O O O,"[2, 10, 10, 16, 16, 16, 16, 16, 3, 1, 9, 16, 2, 10, 16, 16, 16, 16, 16, 16, 16]"
185,Căn cứ Nghị định số 63/2010/NĐ-CP ngày 08/6/2010 của Chính phủ về kiểm soát thủ tục hành chính,O O B-TYP I-TYP O B-DOCID B-DAT I-DAT O B-DEP I-DEP O O O O O O O,"[16, 16, 7, 15, 16, 3, 1, 9, 16, 2, 10, 16, 16, 16, 16, 16, 16, 16]"
186,"Nghị định số 48/2013/NĐ-CP ngày 14/5/2013 của Chính phủ sửa đổi , bổ sung một số điều của các",O O O B-DOCID B-DAT I-DAT O B-DEP I-DEP O O O O O O O O O O,"[16, 16, 16, 3, 1, 9, 16, 2, 10, 16, 16, 16, 16, 16, 16, 16, 16, 16, 16]"
187,"Căn cứ Thông tư số 02/2017/TT-VPCP ngày 31 tháng 10 năm 2017 của Bộ trưởng , Chủ nhiệm Văn phòng Chính phủ hướng dẫn về nghiệp vụ kiểm soát thủ tục hành chính",O O O O O B-DOCID B-DAT I-DAT I-DAT I-DAT I-DAT I-DAT O B-PER I-PER O B-PER I-PER B-DEP B-DEP I-DEP I-DEP O O O O O O O O O O O,"[16, 16, 16, 16, 16, 3, 1, 9, 9, 9, 9, 9, 16, 5, 13, 16, 5, 13, 2, 2, 10, 10, 16, 16, 16, 16, 16, 16, 16, 16, 16, 16, 16]"
188,Theo đề nghị của Cục trưởng Cục Người có công và Chánh Văn phòng Bộ Nội vụ,O O O O B-PER I-PER B-DEP I-DEP I-DEP I-DEP O B-PER I-PER I-PER B-DEP I-DEP I-DEP,"[16, 16, 16, 16, 5, 13, 2, 10, 10, 10, 16, 5, 13, 13, 2, 10, 10]"
189,BỘ KHOA HỌC VÀ CÔNG NGHỆ,B-DEP I-DEP I-DEP I-DEP B-DEP I-DEP,"[2, 10, 10, 10, 2, 10]"
190,"Số : 2985/QĐ-BKHCN Hà Nội , ngày 01 tháng 10 năm 2025",O O B-DOCID B-LOC I-LOC O B-DAT I-DAT I-DAT I-DAT I-DAT I-DAT,"[16, 16, 3, 4, 12, 16, 1, 9, 9, 9, 9, 9]"
191,Căn cứ Nghị định số 55/2025/NĐ-CP ngày 02 tháng 3 năm 2025 của Chính phủ quy định chức năng,O O O O O B-DOCID B-DAT I-DAT I-DAT I-DAT I-DAT I-DAT O B-DEP I-DEP O O O O,"[16, 16, 16, 16, 16, 3, 1, 9, 9, 9, 9, 9, 16, 2, 10, 16, 16, 16, 16]"
192,Căn cứ Cam kết tự nguyện của Việt Nam ngày 12 tháng 6 năm 2025 về “Thúc đẩy nghiên cứu khoa học,O O O O O O O B-LOC I-LOC B-DAT I-DAT I-DAT I-DAT I-DAT I-DAT O O O O O O O,"[16, 16, 16, 16, 16, 16, 16, 4, 12, 1, 9, 9, 9, 9, 9, 16, 16, 16, 16, 16, 16, 16]"
193,"BỘ TÀI CHÍNH Số : 52/2024/TT -BTC Hà Nội , ngày 23 tháng 7 năm 2024",B-DEP I-DEP I-DEP O O B-DOCID I-DOCID B-LOC I-LOC O B-DAT I-DAT I-DAT I-DAT I-DAT I-DAT,"[2, 10, 10, 16, 16, 3, 11, 4, 12, 16, 1, 9, 9, 9, 9, 9]"
194,THÔNG TƯ BÃI BỎ MỘT SỐ THÔNG TƯ CỦA BỘ TRƯỞNG BỘ TÀI CHÍNH TRONG LĨNH VỰC,B-TIT I-TIT B-TIT I-TIT I-TIT I-TIT I-TIT I-TIT I-TIT I-TIT I-TIT I-TIT I-TIT I-TIT I-TIT I-TIT I-TIT,"[6, 14, 6, 14, 14, 14, 14, 14, 14, 14, 14, 14, 14, 14, 14, 14, 14]"
195,"THUẾ Căn cứ Luật Ban hành văn bản quy phạm pháp luật ngày 22 tháng 6 năm 2015 ; Luật sửa đổi , bổ sung một số điều của Luật Ban hành văn bản quy phạm pháp luật ngày 18 tháng 6 năm 2020",B-TIT O O B-TIT I-TIT I-TIT I-TIT I-TIT I-TIT I-TIT I-TIT I-TIT B-DAT I-DAT I-DAT I-DAT I-DAT I-DAT O B-TIT I-TIT I-TIT I-TIT I-TIT B-TIT I-TIT I-TIT I-TIT O B-TIT I-TIT I-TIT I-TIT I-TIT I-TIT I-TIT I-TIT I-TIT B-DAT I-DAT I-DAT I-DAT I-DAT I-DAT,"[6, 16, 16, 6, 14, 14, 14, 14, 14, 14, 14, 14, 1, 9, 9, 9, 9, 9, 16, 6, 14, 14, 14, 14, 6, 14, 14, 14, 16, 6, 14, 14, 14, 14, 14, 14, 14, 14, 1, 9, 9, 9, 9, 9]"
196,"Căn cứ Luật thuế giá trị gia tăng ngày 03 tháng 6 năm 2008 , Luật sửa đổi , bổ sung một số điều của Luật thuế giá trị gia tăng ngày 19 tháng 6 năm 2013 và các văn bản hướng dẫn thi hành",O O B-TIT I-TIT I-TIT I-TIT I-TIT I-TIT B-DAT I-DAT I-DAT I-DAT I-DAT I-DAT O B-TIT I-TIT I-TIT I-TIT I-TIT I-TIT I-TIT I-TIT I-TIT O B-TIT I-TIT I-TIT I-TIT I-TIT I-TIT B-DAT I-DAT I-DAT I-DAT I-DAT I-DAT O O O O O O O O,"[16, 16, 6, 14, 14, 14, 14, 14, 1, 9, 9, 9, 9, 9, 16, 6, 14, 14, 14, 14, 14, 14, 14, 14, 16, 6, 14, 14, 14, 14, 14, 1, 9, 9, 9, 9, 9, 16, 16, 16, 16, 16, 16, 16, 16]"
197,"Căn cứ Luật thuế thu nhập doanh nghiệp ngày 03 tháng 6 năm 2008 , Luật sửa đổi , bổ sung một số điều của Luật thuế thu nhập doanh nghiệp ngày 19 tháng 6 năm 2013 và các văn bản hướng dẫn thi hành , Luật sửa đổi , bổ sung một số điều của các Luật về thuế ngày 26 tháng 11 năm 2014 và các văn bản hướng dẫn thi hành",O O B-TIT I-TIT I-TIT I-TIT I-TIT I-TIT B-DAT I-DAT I-DAT I-DAT I-DAT I-DAT O B-TIT I-TIT I-TIT I-TIT I-TIT I-TIT I-TIT B-TIT I-TIT O B-TIT I-TIT I-TIT I-TIT I-TIT I-TIT B-DAT I-DAT I-DAT I-DAT I-DAT I-DAT O O O O O O O O O B-TIT I-TIT I-TIT I-TIT I-TIT I-TIT I-TIT I-TIT I-TIT O O O O O B-DAT I-DAT I-DAT I-DAT I-DAT B-DAT O O O O O O O O,"[16, 16, 6, 14, 14, 14, 14, 14, 1, 9, 9, 9, 9, 9, 16, 6, 14, 14, 14, 14, 14, 14, 6, 14, 16, 6, 14, 14, 14, 14, 14, 1, 9, 9, 9, 9, 9, 16, 16, 16, 16, 16, 16, 16, 16, 16, 6, 14, 14, 14, 14, 14, 14, 14, 14, 16, 16, 16, 16, 16, 1, 9, 9, 9, 9, 1, 16, 16, 16, 16, 16, 16, 16, 16]"
198,Căn cứ Nghị định số 34/2016/NĐ -CP ngày 14 tháng 5 năm 2016 của Chính phủ quy định chi tiết một số điều và biện pháp thi hành Luật Ban hành văn bản quy phạm pháp luật,O O O O O B-DOCID I-DOCID B-DAT I-DAT I-DAT I-DAT I-DAT I-DAT O B-DEP I-DEP O O O O O O O O O O O O B-TIT I-TIT I-TIT I-TIT I-TIT I-TIT I-TIT I-TIT I-TIT,"[16, 16, 16, 16, 16, 3, 11, 1, 9, 9, 9, 9, 9, 16, 2, 10, 16, 16, 16, 16, 16, 16, 16, 16, 16, 16, 16, 16, 6, 14, 14, 14, 14, 14, 14, 14, 14]"
199,"Căn cứ Nghị định số 154/2020/NĐ -CP ngày 31 tháng 12 năm 2020 của Chính phủ sửa đổi , bổ sung một số điều của Nghị định số 34/2016/NĐ -CP ngày 14 tháng 5 năm 2016 của Chính phủ",O O B-TIT I-TIT O B-DOCID I-DOCID B-DAT I-DAT I-DAT I-DAT I-DAT I-DAT O B-DEP I-DEP O O O O O O O O O B-TIT I-TIT O B-DOCID I-DOCID B-DAT I-DAT I-DAT I-DAT I-DAT I-DAT O B-DEP I-DEP,"[16, 16, 6, 14, 16, 3, 11, 1, 9, 9, 9, 9, 9, 16, 2, 10, 16, 16, 16, 16, 16, 16, 16, 16, 16, 6, 14, 16, 3, 11, 1, 9, 9, 9, 9, 9, 16, 2, 10]"
200,"Căn cứ Nghị định số 14/2023/NĐ -CP ngày 20 tháng 4 năm 2023 của Chính phủ quy định chức năng , nhiệm vụ , quyền hạn và cơ cấu tổ chức của Bộ Tài chính",O O O O O B-DOCID I-DOCID B-DAT I-DAT I-DAT I-DAT I-DAT I-DAT O B-DEP I-DEP O O O O O O O O O O O O O O O O B-DEP I-DEP I-DEP,"[16, 16, 16, 16, 16, 3, 11, 1, 9, 9, 9, 9, 9, 16, 2, 10, 16, 16, 16, 16, 16, 16, 16, 16, 16, 16, 16, 16, 16, 16, 16, 16, 2, 10, 10]"
201,"Theo đề nghị của Cục trưởng Cục Quản lý , giám sát chính sách thuế , phí và lệ phí",O O O O B-PER I-PER B-DEP I-DEP I-DEP I-DEP I-DEP I-DEP I-DEP I-DEP I-DEP I-DEP I-DEP I-DEP I-DEP I-DEP,"[16, 16, 16, 16, 5, 13, 2, 10, 10, 10, 10, 10, 10, 10, 10, 10, 10, 10, 10, 10]"
202,Bộ trưởng Bộ Tài chính ban hành Thông tư bãi bỏ một số Thông tư của Bộ trưởng Bộ Tài chính,B-PER I-PER B-TIT I-TIT I-TIT O O B-TIT I-TIT I-TIT I-TIT I-TIT I-TIT I-TIT I-TIT I-TIT I-TIT I-TIT I-TIT I-TIT I-TIT,"[5, 13, 6, 14, 14, 16, 16, 6, 14, 14, 14, 14, 14, 14, 14, 14, 14, 14, 14, 14, 14]"
203,trong lĩnh vực thuế BỘ TÀI CHÍNH,B-TIT I-TIT I-TIT I-TIT B-DEP I-DEP I-DEP,"[6, 14, 14, 14, 2, 10, 10]"
204,"Số : 92/2025/TT-BTC Hà Nội , ngày 03 tháng 10 năm 2025",O O B-DOCID B-LOC I-LOC O B-DAT I-DAT I-DAT I-DAT I-DAT I-DAT,"[16, 16, 3, 4, 12, 16, 1, 9, 9, 9, 9, 9]"
205,THÔNG TƯ BÃI BỎ THÔNG TƯ LIÊN TỊCH SỐ 15/2010/TTLT-BTC-BGDĐT NGÀY 29/01/2010 CỦA BỘ,B-TIT I-TIT B-TIT I-TIT I-TIT I-TIT I-TIT I-TIT O B-DOCID B-DAT I-DAT O B-DEP,"[6, 14, 6, 14, 14, 14, 14, 14, 16, 3, 1, 9, 16, 2]"
206,TÀI CHÍNH VÀ BỘ GIÁO DỤC VÀ ĐÀO TẠO HƯỚNG DẪN QUẢN LÝ VÀ SỬ DỤNG KINH,B-DEP I-DEP O B-DEP I-DEP I-DEP I-DEP I-DEP I-DEP O O O O O O O O,"[2, 10, 16, 2, 10, 10, 10, 10, 10, 16, 16, 16, 16, 16, 16, 16, 16]"
207,ĐOẠN 2010 - 2015 VÀ THÔNG TƯ LIÊN TỊCH SỐ 143/2013/TTLT-BTC-BGDĐT NGÀY,O O O O O B-TIT I-TIT I-TIT I-TIT O B-DOCID B-DAT,"[16, 16, 16, 16, 16, 6, 14, 14, 14, 16, 3, 1]"
208,"18/10/2013 CỦA BỘ TÀI CHÍNH VÀ BỘ GIÁO DỤC VÀ ĐÀO TẠO SỬA ĐỔI , BỔ SUNG MỘT",B-DAT O B-DEP I-DEP I-DEP O B-DEP I-DEP I-DEP I-DEP I-DEP I-DEP O O O O O O,"[1, 16, 2, 10, 10, 16, 2, 10, 10, 10, 10, 10, 16, 16, 16, 16, 16, 16]"
209,SỐ ĐIỀU CỦA THÔNG TƯ LIÊN TỊCH SỐ 15/2010/TTLT-BTC-BGDĐT,O O O B-TIT I-TIT I-TIT I-TIT O B-DOCID,"[16, 16, 16, 6, 14, 14, 14, 16, 3]"
210,NGÂN HÀNG NHÀ NƯỚC VIỆT NAM,B-DEP I-DEP I-DEP I-DEP B-DEP I-DEP,"[2, 10, 10, 10, 2, 10]"
211,"Số : 31/2025/TT-NHNN Hà Nội , ngày 30 tháng 9 năm 2025",O O B-DOCID B-LOC I-LOC O B-DAT I-DAT I-DAT I-DAT I-DAT I-DAT,"[16, 16, 3, 4, 12, 16, 1, 9, 9, 9, 9, 9]"
212,"THÔNG TƯ QUY ĐỊNH VỀ HOẠT ĐỘNG CỦA CÔNG TY CON , CÔNG TY LIÊN KẾT CỦA TỔ CHỨC TÍN",B-TIT I-TIT B-TIT I-TIT I-TIT I-TIT I-TIT I-TIT I-TIT I-TIT I-TIT I-TIT I-TIT I-TIT I-TIT I-TIT I-TIT I-TIT I-TIT I-TIT,"[6, 14, 6, 14, 14, 14, 14, 14, 14, 14, 14, 14, 14, 14, 14, 14, 14, 14, 14, 14]"
213,DỤNG TRONG LĨNH VỰC QUẢN LÝ NỢ VÀ KHAI THÁC TÀI SẢN,B-TIT I-TIT I-TIT I-TIT I-TIT I-TIT I-TIT I-TIT I-TIT I-TIT I-TIT I-TIT,"[6, 14, 14, 14, 14, 14, 14, 14, 14, 14, 14, 14]"
214,Căn cứ Luật Ngân hàng Nhà nước Việt Nam số 46/2010/QH12,O O B-TIT I-TIT I-TIT I-TIT I-TIT I-TIT I-TIT O B-DOCID,"[16, 16, 6, 14, 14, 14, 14, 14, 14, 16, 3]"
215,"Căn cứ Luật Các tổ chức tín dụng số 32/2024/QH15 được sửa đổi , bổ sung bởi Luật số 96/2025/QH15",O O B-TIT I-TIT I-TIT I-TIT I-TIT I-TIT O B-DOCID O O O O O O O O O B-DOCID,"[16, 16, 6, 14, 14, 14, 14, 14, 16, 3, 16, 16, 16, 16, 16, 16, 16, 16, 16, 3]"
216,"Căn cứ Nghị định số 26/2025/NĐ-CP của Chính phủ quy định chức năng , nhiệm vụ , quyền hạn và cơ cấu tổ chức của Ngân hàng Nhà nước Việt Nam",O O B-TIT I-TIT O B-DOCID O B-DEP I-DEP O O O O O O O O O O O O O O O O B-DEP I-DEP I-DEP I-DEP I-DEP I-DEP,"[16, 16, 6, 14, 16, 3, 16, 2, 10, 16, 16, 16, 16, 16, 16, 16, 16, 16, 16, 16, 16, 16, 16, 16, 16, 2, 10, 10, 10, 10, 10]"
217,Theo đề nghị của Cục trưởng Cục An toàn hệ thống các tổ chức tín dụng,O O O O B-PER I-PER B-DEP I-DEP I-DEP I-DEP I-DEP I-DEP I-DEP I-DEP I-DEP I-DEP,"[16, 16, 16, 16, 5, 13, 2, 10, 10, 10, 10, 10, 10, 10, 10, 10]"
218,Thống đốc Ngân hàng Nhà nước Việt Nam ban hành Thông tư quy định về hoạt động của công ty con công ty liên kết của tổ chức tín dụng trong lĩnh vực quản lý nợ và khai thác tài sản,B-PER I-PER B-DEP I-DEP I-DEP I-DEP I-DEP I-DEP O O B-TIT I-TIT I-TIT I-TIT I-TIT I-TIT I-TIT I-TIT I-TIT I-TIT I-TIT B-TIT I-TIT I-TIT I-TIT I-TIT I-TIT I-TIT I-TIT I-TIT I-TIT I-TIT I-TIT I-TIT I-TIT I-TIT I-TIT I-TIT I-TIT I-TIT I-TIT,"[5, 13, 2, 10, 10, 10, 10, 10, 16, 16, 6, 14, 14, 14, 14, 14, 14, 14, 14, 14, 14, 6, 14, 14, 14, 14, 14, 14, 14, 14, 14, 14, 14, 14, 14, 14, 14, 14, 14, 14, 14]"
219,"BỘ QUỐC PHÒNG Số : 109/2025/TT-BQP Hà Nội , ngày 02 tháng 10 năm 2025",B-DEP I-DEP I-DEP O O B-DOCID B-LOC I-LOC O B-DAT I-DAT I-DAT I-DAT I-DAT I-DAT,"[2, 10, 10, 16, 16, 3, 4, 12, 16, 1, 9, 9, 9, 9, 9]"
220,THÔNG TƯ QUY ĐỊNH TẶNG KỶ NIỆM CHƯƠNG “VÌ SỰ NGHIỆP GÌN GIỮ HÒA BÌNH LIÊN HỢP QUỐC”,B-TIT I-TIT B-TIT I-TIT I-TIT I-TIT I-TIT I-TIT I-TIT I-TIT I-TIT I-TIT I-TIT I-TIT I-TIT I-TIT I-TIT I-TIT,"[6, 14, 6, 14, 14, 14, 14, 14, 14, 14, 14, 14, 14, 14, 14, 14, 14, 14]"
221,"Căn cứ Luật Thi đua , Khen thưởng ngày 15 tháng 6 năm 2022",O O B-TIT I-TIT I-TIT I-TIT I-TIT I-TIT B-DAT I-DAT I-DAT I-DAT I-DAT I-DAT,"[16, 16, 6, 14, 14, 14, 14, 14, 1, 9, 9, 9, 9, 9]"
222,Căn cứ Luật Tham gia lực lượng gìn giữ hòa bình của Liên hợp quốc ngày 26 tháng 6 năm 2025,O O B-TIT I-TIT I-TIT I-TIT I-TIT I-TIT I-TIT I-TIT I-TIT I-TIT I-TIT I-TIT I-TIT B-DAT I-DAT I-DAT I-DAT I-DAT I-DAT,"[16, 16, 6, 14, 14, 14, 14, 14, 14, 14, 14, 14, 14, 14, 14, 1, 9, 9, 9, 9, 9]"
223,"Căn cứ Nghị định số 152/2025/NĐ-CP ngày 14 tháng 6 năm 2025 của Chính phủ quy định về phân điều của Luật Thi đua , khen thưởng",O O O O O B-DOCID B-DAT I-DAT I-DAT I-DAT I-DAT I-DAT O B-DEP I-DEP O O O O O O B-TIT I-TIT I-TIT I-TIT I-TIT I-TIT,"[16, 16, 16, 16, 16, 3, 1, 9, 9, 9, 9, 9, 16, 2, 10, 16, 16, 16, 16, 16, 16, 6, 14, 14, 14, 14, 14]"
224,"Căn cứ Nghị định số 01/2022/NĐ-CP ngày 30 tháng 11 năm 2022 của Chính phủ quy định chức năn g nhiệm vụ , quyền hạn và cơ cấu tổ chức của Bộ Quốc phòng ; Nghị định số 03/2025/NĐ-CP ngày 28 tháng 02 năm 2025 sửa đổi , bổ sung một số điều của Nghị định số 01/2022/NĐ-CP ngày 30 tháng 11 năm 2022 của Chính phủ quy định chức năng , nhiệm vụ , quyền hạn và cơ cấu tổ chức của Bộ Quốc",O O B-TIT I-TIT O B-DOCID B-DAT I-DAT I-DAT I-DAT I-DAT I-DAT O B-DEP I-DEP O O O O O O O O O O O O O O O O B-DEP I-DEP I-DEP O O O O B-DOCID B-DAT I-DAT B-DAT I-DAT I-DAT I-DAT O O O O O O O O O O O O B-DOCID B-DAT I-DAT I-DAT I-DAT B-DAT I-DAT O B-DEP I-DEP O O O O O O O O O O O O O O O O B-DEP I-DEP,"[16, 16, 6, 14, 16, 3, 1, 9, 9, 9, 9, 9, 16, 2, 10, 16, 16, 16, 16, 16, 16, 16, 16, 16, 16, 16, 16, 16, 16, 16, 16, 2, 10, 10, 16, 16, 16, 16, 3, 1, 9, 1, 9, 9, 9, 16, 16, 16, 16, 16, 16, 16, 16, 16, 16, 16, 16, 3, 1, 9, 9, 9, 1, 9, 16, 2, 10, 16, 16, 16, 16, 16, 16, 16, 16, 16, 16, 16, 16, 16, 16, 16, 16, 2, 10]"
225,phòng Theo đề nghị của Chủ nhiệm Tổng cục Chính trị,B-DEP O O O O B-PER I-PER B-DEP I-DEP I-DEP I-DEP,"[2, 16, 16, 16, 16, 5, 13, 2, 10, 10, 10]"
226,-DOCSTART- CỘNG HÒA XÃ HỘI CHỦ NGHĨA VIỆT NAM,O B-LOC I-LOC I-LOC I-LOC I-LOC I-LOC I-LOC I-LOC,"[16, 4, 12, 12, 12, 12, 12, 12, 12]"
227,LUẬT SỐ 14/2023/QH15 BAN HÀNH NGÀY 15 THÁNG 6 NĂM 2023,B-TYP O I-DOCID O O B-DAT I-DAT I-DAT I-DAT I-DAT I-DAT,"[7, 16, 11, 16, 16, 1, 9, 9, 9, 9, 9]"
228,CHỦ TỊCH NƯỚC NGUYỄN XUÂN PHÚC KÝ,B-PER I-PER I-PER B-PER I-PER I-PER O,"[5, 13, 13, 5, 13, 13, 16]"
229,ĐIỀU 1 PHẠM VI ĐIỀU CHỈNH SỬA LUẬT GIÁO DỤC,O O O O O O O B-TIT I-TIT I-TIT,"[16, 16, 16, 16, 16, 16, 16, 6, 14, 14]"
230,CƠ QUAN BỘ GIÁO DỤC VÀ ĐÀO TẠO THỰC HIỆN,B-DEP I-DEP I-DEP I-DEP I-DEP I-DEP I-DEP I-DEP O O,"[2, 10, 10, 10, 10, 10, 10, 10, 16, 16]"
231,ĐIỀU 2 NGÀY BAN HÀNH LUẬT NÀY LÀ 01/01/2024,O O B-DAT O O B-TYP O O B-DAT,"[16, 16, 1, 16, 16, 7, 16, 16, 1]"
232,"Luật số : 76/2025/QH15 Hà Nội , ngày 17 tháng 6 năm 2025",O O O B-DOCID B-LOC I-LOC O B-DAT I-DAT I-DAT I-DAT I-DAT I-DAT,"[16, 16, 16, 3, 4, 12, 16, 1, 9, 9, 9, 9, 9]"
233,"LUẬT SỬA ĐỔI , BỔ SUNG MỘT SỐ ĐIỀU CỦA LUẬT DOANH NGHIỆP",B-TYP O O O O O O O O O B-TIT I-TIT I-TIT,"[7, 16, 16, 16, 16, 16, 16, 16, 16, 16, 6, 14, 14]"
234,"Căn cứ Hiến pháp nước Cộng hòa xã hội chủ nghĩa Việt Nam đã được sửa đổi , bổ sung một số điều theo Nghị quyết số 203/2025/QH15",O O B-TIT I-TIT I-TIT I-TIT I-TIT I-TIT I-TIT I-TIT I-TIT I-TIT I-TIT O O O O O O O O O O O B-TYP I-TYP B-DOCID I-DOCID,"[16, 16, 6, 14, 14, 14, 14, 14, 14, 14, 14, 14, 14, 16, 16, 16, 16, 16, 16, 16, 16, 16, 16, 16, 7, 15, 3, 11]"
235,"Quốc hội ban hành Luật sửa đổi , bổ sung một số điều của Luật Doanh nghiệp số 59/2020/QH14 đã được sửa đổi , bổ sung một số điều theo Luật số 03/2022/QH15",B-DEP I-DEP O O B-TIT I-TIT I-TIT I-TIT I-TIT I-TIT I-TIT I-TIT I-TIT O B-TIT I-TIT I-TIT O B-DOCID O O O O O O O O O O O O O B-DOCID,"[2, 10, 16, 16, 6, 14, 14, 14, 14, 14, 14, 14, 14, 16, 6, 14, 14, 16, 3, 16, 16, 16, 16, 16, 16, 16, 16, 16, 16, 16, 16, 16, 3]"
236,QUỐC HỘI CỘNG HÒA XÃ HỘI CHỦ NGHĨA VIỆT NAM,B-DEP I-DEP B-LOC I-LOC I-LOC I-LOC I-LOC I-LOC I-LOC I-LOC,"[2, 10, 4, 12, 12, 12, 12, 12, 12, 12]"
237,"Luật số : 48/2024/QH15 Hà Nội , ngày 26 tháng 11 năm 2024",O O O B-DOCID B-LOC I-LOC O B-DAT I-DAT I-DAT I-DAT I-DAT I-DAT,"[16, 16, 16, 3, 4, 12, 16, 1, 9, 9, 9, 9, 9]"
238,LUẬT THUẾ GIÁ TRỊ GIA TĂNG,B-TIT B-TIT I-TIT I-TIT I-TIT I-TIT,"[6, 6, 14, 14, 14, 14]"
239,Căn cứ Hiến pháp nước Cộng hòa xã hội chủ nghĩa Việt Nam,O O B-TIT I-TIT I-TIT I-TIT I-TIT I-TIT I-TIT I-TIT I-TIT I-TIT I-TIT,"[16, 16, 6, 14, 14, 14, 14, 14, 14, 14, 14, 14, 14]"
240,Quốc hội ban hành Luật Thuế giá trị gia tăng,B-DEP I-DEP O O B-TIT I-TIT I-TIT I-TIT I-TIT I-TIT,"[2, 10, 16, 16, 6, 14, 14, 14, 14, 14]"
241,QUỐC HỘI CỘNG HÒA XÃ HỘI CHỦ NGHĨA VIỆT NAM,B-DEP I-DEP O O O O O O O O,"[2, 10, 16, 16, 16, 16, 16, 16, 16, 16]"
242,"Luật số : 106/2016/QH13 Hà Nội , ngày 06 tháng 4 năm 2016",O O O B-DOCID B-LOC I-LOC O B-DAT I-DAT I-DAT I-DAT I-DAT I-DAT,"[16, 16, 16, 3, 4, 12, 16, 1, 9, 9, 9, 9, 9]"
243,"LUẬT SỬA ĐỔI , BỔ SUNG MỘT SỐ ĐIỀU CỦA LUẬT THUẾ GIÁ TRỊ GIA TĂNG , LUẬT THUẾ TIÊU",B-TIT B-TIT I-TIT I-TIT I-TIT I-TIT I-TIT I-TIT I-TIT O B-TIT I-TIT I-TIT I-TIT I-TIT I-TIT I-TIT I-TIT I-TIT I-TIT,"[6, 6, 14, 14, 14, 14, 14, 14, 14, 16, 6, 14, 14, 14, 14, 14, 14, 14, 14, 14]"
244,THỤ ĐẶC BIỆT VÀ LUẬT QUẢN LÝ THUẾ,B-TIT I-TIT I-TIT O B-TIT I-TIT I-TIT I-TIT,"[6, 14, 14, 16, 6, 14, 14, 14]"
245,Căn cứ Hiến pháp nước Cộng hòa xã hội chủ nghĩa Việt Nam,O O B-TIT I-TIT I-TIT I-TIT I-TIT I-TIT I-TIT I-TIT I-TIT I-TIT I-TIT,"[16, 16, 6, 14, 14, 14, 14, 14, 14, 14, 14, 14, 14]"
246,"Quốc hội ban hành Luật sửa đổi , bổ sung một số điều của Luật thuế giá trị gia tăng số 13/2008/QH12",B-DEP I-DEP O O B-TIT I-TIT I-TIT I-TIT I-TIT I-TIT I-TIT I-TIT I-TIT O B-TIT I-TIT I-TIT I-TIT I-TIT I-TIT O B-DOCID,"[2, 10, 16, 16, 6, 14, 14, 14, 14, 14, 14, 14, 14, 16, 6, 14, 14, 14, 14, 14, 16, 3]"
